source,pts_ticks_1_over_600,measured_edge_centroid_y_native_px
V01,1208,1084.388382
V01,1218,1084.405299
V01,1228,1084.422807
V01,1238,1084.398598
V01,1248,1084.380595
V01,1258,1084.339143
V01,1268,1084.380336
V01,1278,1084.366045
V01,1288,1084.438461
V01,1298,1084.430548
V01,1308,1084.421352
V01,1318,1084.395013
V01,1328,1084.461446
V01,1338,1084.479477
V01,1348,1084.528231
V01,1358,1084.508131
V01,1368,1084.501484
V01,1378,1084.474398
V01,1388,1084.446732
V01,1398,1084.399612
V01,1408,1084.417777
V01,1418,1084.443838
V01,1428,1084.448470
V01,1438,1084.452278
V01,1448,1084.503683
V01,1458,1084.549707
V01,1468,1084.531077
V01,1478,1084.557049
V01,1488,1084.524533
V01,1497,1084.541010
V01,1507,1084.546922
V01,1517,1084.544923
V01,1527,1084.433151
V01,1537,1084.482621
V01,1547,1084.466906
V01,1557,1084.521379
V01,1567,1084.429245
V01,1577,1084.434532
V01,1587,1084.501637
V01,1597,1084.437601
V01,1607,1084.449337
V01,1617,1084.434193
V01,1627,1084.418077
V01,1637,1084.446286
V01,1647,1084.390125
V01,1657,1084.374394
V01,1667,1084.377105
V01,1677,1084.398158
V01,1687,1084.515227
V01,1697,1084.493636
V01,1707,1084.481958
V01,1717,1084.504217
V01,1727,1084.532554
V01,1737,1084.512154
V01,1747,1084.501019
V01,1757,1084.547028
V01,1767,1084.475509
V01,1777,1084.501534
V01,1787,1084.492764
V01,1797,1084.437018
V01,1807,1084.473887
V01,1817,1084.462036
V01,1827,1084.292635
V01,1837,1084.053873
V01,1847,1081.158963
V01,1857,1071.319268
V01,1867,1057.764907
V01,1877,1040.092246
V01,1887,1020.650817
V01,1897,1000.146840
V01,1907,977.984107
V01,1917,955.604615
V01,1927,934.355745
V01,1937,913.542365
V01,1947,895.357708
V01,1957,878.253060
V01,1967,861.873135
V01,1977,846.678764
V01,1987,833.952514
V01,1997,821.796803
V01,2007,811.799896
V01,2017,802.641152
V01,2027,794.946865
V01,2037,788.397719
V01,2047,782.713167
V01,2057,777.695915
V01,2067,773.896501
V01,2077,770.750389
V01,2087,767.995497
V01,2097,765.891850
V01,2107,764.133292
V01,2116,762.759494
V01,2126,761.792881
V01,2136,761.037017
V01,2146,760.489254
V01,2156,760.113892
V01,2166,759.939402
V01,2176,759.816268
V01,2186,759.821098
V01,2196,759.859391
V01,2206,760.004881
V01,2216,760.146943
V01,2226,760.323813
V01,2236,760.514814
V01,2246,760.710138
V01,2256,760.916917
V01,2266,761.121012
V01,2276,761.284057
V01,2286,761.460811
V01,2296,761.629021
V01,2306,761.777041
V01,2316,761.926626
V01,2326,761.984119
V01,2336,761.971867
V01,2346,761.960921
V01,2356,761.949811
V01,2366,761.862902
V01,2376,761.747615
V01,2386,761.711507
V01,2396,761.666102
V01,2406,761.520617
V01,2416,761.380091
V01,2426,761.409734
V01,2436,761.231997
V01,2446,761.000660
V01,2456,760.847623
V01,2466,760.754342
V01,2476,760.686773
V01,2486,760.609994
V01,2496,760.585389
V01,2506,760.581955
V01,2516,760.567208
V01,2526,760.517231
V01,2536,760.506346
V01,2546,760.490708
V01,2556,760.454885
V01,2566,760.422837
V01,2576,760.425007
V01,2586,760.798926
V01,2596,760.798301
V01,2606,760.765077
V01,2616,760.645692
V01,2626,760.504729
V01,2636,760.342622
V01,2646,760.195352
V01,2656,760.097402
V01,2666,759.998493
V01,2676,759.905329
V01,2686,759.819940
V01,2696,759.751216
V01,2705,759.667017
V01,2715,759.611892
V01,2725,759.534720
V01,2735,759.478453
V01,2745,759.365634
V01,2755,759.258072
V01,2765,759.173028
V01,2775,759.091487
V01,2785,759.018971
V01,2795,758.951968
V01,2805,758.891755
V01,2815,758.819032
V01,2825,758.738459
V01,2835,758.654768
V01,2845,758.616911
V01,2855,758.581744
V01,2865,758.529600
V01,2875,758.467809
V01,2885,758.398099
V01,2895,758.354669
V01,2905,758.298416
V01,2915,758.243510
V01,2925,758.204959
V01,2935,758.163685
V01,2945,758.137781
V01,2955,758.083241
V01,2965,758.056421
V01,2975,758.029444
V01,2985,758.003855
V01,2995,757.976114
V02,1208,1084.585979
V02,1218,1084.607197
V02,1228,1084.635371
V02,1238,1084.624408
V02,1248,1084.635020
V02,1258,1084.635608
V02,1268,1084.631869
V02,1278,1084.633465
V02,1288,1084.607301
V02,1298,1084.596226
V02,1308,1084.590660
V02,1318,1084.601691
V02,1328,1084.573423
V02,1338,1084.596425
V02,1348,1084.575809
V02,1358,1084.610679
V02,1368,1084.541940
V02,1378,1084.529830
V02,1388,1084.513739
V02,1398,1084.512746
V02,1408,1084.616635
V02,1418,1084.654592
V02,1428,1084.635658
V02,1438,1084.688679
V02,1448,1084.617008
V02,1458,1084.615768
V02,1468,1084.613816
V02,1478,1084.599565
V02,1488,1084.630583
V02,1498,1084.665401
V02,1508,1084.655118
V02,1518,1084.647327
V02,1528,1084.558859
V02,1538,1084.584306
V02,1548,1084.592184
V02,1558,1084.592618
V02,1567,1084.636309
V02,1577,1084.570441
V02,1587,1084.560088
V02,1597,1084.565597
V02,1607,1084.582999
V02,1617,1084.582527
V02,1627,1084.612884
V02,1637,1084.613901
V02,1647,1084.612921
V02,1657,1084.612946
V02,1667,1084.606457
V02,1677,1084.588473
V02,1687,1084.616252
V02,1697,1084.641789
V02,1707,1084.661965
V02,1717,1084.636053
V02,1727,1084.617353
V02,1737,1084.619865
V02,1747,1084.626139
V02,1757,1084.657995
V02,1767,1084.606581
V02,1777,1084.610936
V02,1787,1084.634831
V02,1797,1084.654252
V02,1807,1084.646563
V02,1817,1084.656513
V02,1827,1084.650260
V02,1837,1084.665522
V02,1847,1084.712207
V02,1857,1084.698888
V02,1867,1084.684112
V02,1877,1084.665729
V02,1887,1084.643599
V02,1897,1084.631787
V02,1907,1084.657256
V02,1917,1084.506270
V02,1927,1084.146995
V02,1937,1081.837108
V02,1947,1073.148587
V02,1957,1060.028964
V02,1967,1043.223368
V02,1977,1023.948660
V02,1987,1003.416000
V02,1997,981.704664
V02,2007,957.894203
V02,2017,936.811831
V02,2027,916.901581
V02,2037,898.148537
V02,2047,880.410678
V02,2057,863.018875
V02,2067,848.858276
V02,2077,835.253140
V02,2087,823.077120
V02,2097,813.039432
V02,2107,804.019542
V02,2117,796.095209
V02,2127,789.222240
V02,2137,783.509864
V02,2147,778.342469
V02,2157,774.474116
V02,2167,771.097492
V02,2177,768.324895
V02,2187,766.145668
V02,2197,764.366879
V02,2207,762.879902
V02,2217,761.897480
V02,2226,761.109422
V02,2236,760.534788
V02,2246,760.149083
V02,2256,759.904393
V02,2266,759.798832
V02,2276,759.779190
V02,2286,759.864011
V02,2296,759.959978
V02,2306,760.134567
V02,2316,760.288633
V02,2326,760.488361
V02,2336,760.689033
V02,2346,760.886130
V02,2356,761.109598
V02,2366,761.280318
V02,2376,761.441193
V02,2386,761.604656
V02,2396,761.775654
V02,2406,761.915948
V02,2416,761.983432
V02,2426,761.977459
V02,2436,761.973423
V02,2446,761.972503
V02,2456,761.890833
V02,2466,761.856367
V02,2476,761.829094
V02,2486,761.778597
V02,2496,761.695676
V02,2506,761.608398
V02,2516,761.595973
V02,2526,761.416391
V02,2536,761.246573
V02,2546,761.141048
V02,2556,761.035849
V02,2566,760.994743
V02,2576,760.973726
V02,2586,760.947120
V02,2596,760.942311
V02,2606,760.905813
V02,2616,760.876636
V02,2626,760.860622
V02,2636,760.828952
V02,2646,760.796163
V02,2656,760.726800
V02,2666,760.747239
V02,2676,761.051805
V02,2686,761.026211
V02,2696,760.908772
V02,2706,760.809752
V02,2716,760.679197
V02,2726,760.561568
V02,2736,760.463184
V02,2746,760.393757
V02,2756,760.324061
V02,2766,760.257516
V02,2776,760.170517
V02,2786,760.090449
V02,2796,760.007644
V02,2806,759.931624
V02,2816,759.839259
V02,2826,759.749129
V02,2836,759.658348
V02,2846,759.557273
V02,2856,759.487440
V02,2866,759.426112
V02,2876,759.357368
V02,2885,759.262907
V02,2895,759.165831
V02,2905,759.101849
V02,2915,759.036560
V02,2925,758.967477
V02,2935,758.890876
V02,2945,758.819756
V02,2955,758.739649
V02,2965,758.643925
V02,2975,758.554823
V02,2985,758.501532
V02,2995,758.470184
V03,1208,1084.512222
V03,1218,1084.518199
V03,1228,1084.521771
V03,1238,1084.481684
V03,1248,1084.486089
V03,1258,1084.469750
V03,1268,1084.426471
V03,1278,1084.443329
V03,1288,1084.450174
V03,1298,1084.402262
V03,1308,1084.430297
V03,1318,1084.483315
V03,1328,1084.510562
V03,1338,1084.531540
V03,1348,1084.520273
V03,1358,1084.529966
V03,1368,1084.520444
V03,1378,1084.425035
V03,1388,1084.406769
V03,1398,1084.421407
V03,1408,1084.397780
V03,1418,1084.407920
V03,1428,1084.414420
V03,1438,1084.433848
V03,1448,1084.367789
V03,1458,1084.427396
V03,1468,1084.398931
V03,1478,1084.445832
V03,1488,1084.452063
V03,1498,1084.424432
V03,1508,1084.447409
V03,1518,1084.452720
V03,1528,1084.469882
V03,1538,1084.479010
V03,1548,1084.498448
V03,1558,1084.479382
V03,1568,1084.482510
V03,1578,1084.472157
V03,1588,1084.492147
V03,1598,1084.492388
V03,1608,1084.436322
V03,1618,1084.400899
V03,1628,1084.387669
V03,1638,1084.345971
V03,1648,1084.358870
V03,1658,1084.298831
V03,1667,1084.312934
V03,1677,1084.329002
V03,1687,1084.350700
V03,1697,1084.340936
V03,1707,1084.405424
V03,1717,1084.309219
V03,1727,1084.425839
V03,1737,1084.409533
V03,1747,1084.402908
V03,1757,1084.400132
V03,1767,1084.457051
V03,1777,1084.420855
V03,1787,1084.442638
V03,1797,1084.434901
V03,1807,1084.415465
V03,1817,1084.403895
V03,1827,1084.393713
V03,1837,1084.389245
V03,1847,1084.375129
V03,1857,1084.255774
V03,1867,1084.012792
V03,1877,1081.857215
V03,1887,1072.700512
V03,1897,1058.859225
V03,1907,1042.062079
V03,1917,1023.241059
V03,1927,1002.617791
V03,1937,980.485110
V03,1947,957.217277
V03,1957,935.992320
V03,1967,916.105920
V03,1977,897.203879
V03,1987,879.237717
V03,1997,863.142316
V03,2007,848.182822
V03,2017,834.605304
V03,2027,822.786305
V03,2037,812.346646
V03,2047,803.490890
V03,2057,795.655100
V03,2067,789.004518
V03,2077,783.289014
V03,2087,778.097267
V03,2097,774.181830
V03,2107,770.954067
V03,2117,768.159281
V03,2127,766.004412
V03,2137,764.248038
V03,2147,762.852139
V03,2157,761.849387
V03,2167,761.073009
V03,2177,760.497544
V03,2187,760.137294
V03,2197,759.913179
V03,2207,759.791734
V03,2217,759.793576
V03,2227,759.865983
V03,2237,759.939607
V03,2247,760.118599
V03,2257,760.295247
V03,2267,760.494061
V03,2277,760.698190
V03,2287,760.879151
V03,2297,761.081475
V03,2307,761.252902
V03,2317,761.436972
V03,2327,761.578153
V03,2336,761.704844
V03,2346,761.832044
V03,2356,761.931561
V03,2366,761.896355
V03,2376,761.898588
V03,2386,761.929018
V03,2396,761.970169
V03,2406,761.879464
V03,2416,761.805660
V03,2426,761.809310
V03,2436,761.796539
V03,2446,761.661474
V03,2456,761.509704
V03,2466,761.469086
V03,2476,761.360082
V03,2486,761.275610
V03,2496,761.197957
V03,2506,761.175141
V03,2516,761.165870
V03,2526,761.133798
V03,2536,761.105854
V03,2546,761.080548
V03,2556,761.054595
V03,2566,761.012954
V03,2576,760.966407
V03,2586,760.932349
V03,2596,760.867027
V03,2606,760.801484
V03,2616,761.031798
V03,2626,761.025910
V03,2636,761.013566
V03,2646,761.055545
V03,2656,761.056331
V03,2666,760.966730
V03,2676,760.856603
V03,2686,760.723544
V03,2696,760.612219
V03,2706,760.487484
V03,2716,760.438604
V03,2726,760.375632
V03,2736,760.322631
V03,2746,760.227245
V03,2756,760.126513
V03,2766,760.011468
V03,2776,759.902335
V03,2786,759.823493
V03,2796,759.762200
V03,2806,759.703084
V03,2816,759.618872
V03,2826,759.515291
V03,2836,759.426177
V03,2846,759.349994
V03,2856,759.280571
V03,2866,759.193046
V03,2876,759.146950
V03,2886,759.061256
V03,2896,758.990822
V03,2906,758.891544
V03,2916,758.803350
V03,2926,758.747888
V03,2936,758.703320
V03,2946,758.662418
V03,2956,758.608520
V03,2966,758.555890
V03,2976,758.519325
V03,2986,758.447149
V03,2996,758.399283
