recording,pts,time_base,line,status,left_px,top_px,right_px,bottom_px,contrast_p90,edge_energy
V09,4203,1/600,0,unavailable,,,,,,
V09,4203,1/600,1,unavailable,,,,,,
V09,4213,1/600,0,unavailable,,,,,,
V09,4213,1/600,1,unavailable,,,,,,
V09,4223,1/600,0,unavailable,,,,,,
V09,4223,1/600,1,unavailable,,,,,,
V09,4233,1/600,0,unavailable,,,,,,
V09,4233,1/600,1,unavailable,,,,,,
V09,4243,1/600,0,unavailable,,,,,,
V09,4243,1/600,1,unavailable,,,,,,
V09,4253,1/600,0,unavailable,,,,,,
V09,4253,1/600,1,unavailable,,,,,,
V09,4263,1/600,0,unavailable,,,,,,
V09,4263,1/600,1,unavailable,,,,,,
V09,4273,1/600,0,unavailable,,,,,,
V09,4273,1/600,1,unavailable,,,,,,
V09,4283,1/600,0,unavailable,,,,,,
V09,4283,1/600,1,unavailable,,,,,,
V09,4293,1/600,0,unavailable,,,,,,
V09,4293,1/600,1,unavailable,,,,,,
V09,4303,1/600,0,unavailable,,,,,,
V09,4303,1/600,1,unavailable,,,,,,
V09,4313,1/600,0,unavailable,,,,,,
V09,4313,1/600,1,unavailable,,,,,,
V09,4323,1/600,0,unavailable,,,,,,
V09,4323,1/600,1,unavailable,,,,,,
V09,4333,1/600,0,unavailable,,,,,,
V09,4333,1/600,1,unavailable,,,,,,
V09,4343,1/600,0,unavailable,,,,,,
V09,4343,1/600,1,unavailable,,,,,,
V09,4353,1/600,0,unavailable,,,,,,
V09,4353,1/600,1,unavailable,,,,,,
V09,4363,1/600,0,unavailable,,,,,,
V09,4363,1/600,1,unavailable,,,,,,
V09,4373,1/600,0,unavailable,,,,,,
V09,4373,1/600,1,unavailable,,,,,,
V09,4383,1/600,0,unavailable,,,,,,
V09,4383,1/600,1,unavailable,,,,,,
V09,4393,1/600,0,unavailable,,,,,,
V09,4393,1/600,1,unavailable,,,,,,
V09,4403,1/600,0,unavailable,,,,,,
V09,4403,1/600,1,unavailable,,,,,,
V09,4413,1/600,0,unavailable,,,,,,
V09,4413,1/600,1,unavailable,,,,,,
V09,4423,1/600,0,unavailable,,,,,,
V09,4423,1/600,1,unavailable,,,,,,
V09,4433,1/600,0,unavailable,,,,,,
V09,4433,1/600,1,unavailable,,,,,,
V09,4443,1/600,0,unavailable,,,,,,
V09,4443,1/600,1,unavailable,,,,,,
V09,4453,1/600,0,unavailable,,,,,,
V09,4453,1/600,1,unavailable,,,,,,
V09,4463,1/600,0,unavailable,,,,,,
V09,4463,1/600,1,unavailable,,,,,,
V09,4473,1/600,0,unavailable,,,,,,
V09,4473,1/600,1,unavailable,,,,,,
V09,4483,1/600,0,unavailable,,,,,,
V09,4483,1/600,1,unavailable,,,,,,
V09,4493,1/600,0,unavailable,,,,,,
V09,4493,1/600,1,unavailable,,,,,,
V09,4503,1/600,0,unavailable,,,,,,
V09,4503,1/600,1,unavailable,,,,,,
V09,4513,1/600,0,unavailable,,,,,,
V09,4513,1/600,1,unavailable,,,,,,
V09,4523,1/600,0,unavailable,,,,,,
V09,4523,1/600,1,unavailable,,,,,,
V09,4533,1/600,0,unavailable,,,,,,
V09,4533,1/600,1,unavailable,,,,,,
V09,4543,1/600,0,unavailable,,,,,,
V09,4543,1/600,1,unavailable,,,,,,
V09,4553,1/600,0,unavailable,,,,,,
V09,4553,1/600,1,unavailable,,,,,,
V09,4563,1/600,0,unavailable,,,,,,
V09,4563,1/600,1,unavailable,,,,,,
V09,4573,1/600,0,unavailable,,,,,,
V09,4573,1/600,1,unavailable,,,,,,
V09,4583,1/600,0,measured,108,975,831,1054,26.66666666666667,0.20116350318995327
V09,4583,1/600,1,measured,109,1097,742,1175,24.33333333333333,0.18503434248337744
V09,4593,1/600,0,measured,104,944,833,1026,32.33333333333333,0.20887718470060634
V09,4593,1/600,1,measured,105,1065,744,1148,29.66666666666667,0.19430239034176278
V09,4603,1/600,0,measured,103,917,835,1001,37.66666666666667,0.20985750332633038
V09,4603,1/600,1,measured,103,1037,745,1123,35.0,0.19631778704232566
V09,4613,1/600,0,measured,103,890,836,976,42.0,0.22055538543504927
V09,4613,1/600,1,measured,102,1011,747,1098,40.0,0.19945744105997112
V09,4623,1/600,0,measured,103,866,837,952,44.33333333333333,0.22097973975242613
V09,4623,1/600,1,measured,102,987,748,1074,42.0,0.20280424247170095
V09,4633,1/600,0,measured,103,844,838,929,46.66666666666667,0.21708328371371466
V09,4633,1/600,1,measured,102,964,749,1052,43.66666666666667,0.19836049059359812
V09,4643,1/600,0,measured,103,823,839,909,48.0,0.21804632071291838
V09,4643,1/600,1,measured,102,944,750,1032,44.66666666666667,0.20540196036056022
V09,4653,1/600,0,measured,103,806,840,892,49.0,0.21610559186353878
V09,4653,1/600,1,measured,102,927,751,1015,46.33333333333334,0.20460673328025603
V09,4663,1/600,0,measured,103,790,841,877,50.33333333333334,0.21711520850403776
V09,4663,1/600,1,measured,102,911,752,999,47.66666666666666,0.2045663249688799
V09,4673,1/600,0,measured,103,777,842,863,52.0,0.21262018720174455
V09,4673,1/600,1,measured,102,898,752,986,48.66666666666666,0.2011279950395892
V09,4683,1/600,0,measured,103,765,843,852,53.0,0.2164956234841939
V09,4683,1/600,1,measured,102,887,753,975,50.0,0.2034231709957291
V09,4693,1/600,0,measured,103,755,844,842,55.0,0.213991473806724
V09,4693,1/600,1,measured,102,877,754,965,51.0,0.2018282461260924
V09,4703,1/600,0,measured,103,747,845,834,55.66666666666666,0.22124848206373693
V09,4703,1/600,1,measured,102,869,755,957,52.0,0.20607735983503098
V09,4713,1/600,0,measured,103,741,845,827,56.66666666666666,0.2177312321285078
V09,4713,1/600,1,measured,102,862,755,951,53.0,0.20137037452550113
V09,4723,1/600,0,measured,103,735,845,822,57.0,0.22048316310565882
V09,4723,1/600,1,measured,102,857,755,945,53.66666666666666,0.20639154674613597
V09,4733,1/600,0,measured,103,731,845,818,57.66666666666666,0.22019126013799786
V09,4733,1/600,1,measured,102,853,755,941,54.0,0.2055474480491778
V09,4743,1/600,0,measured,103,727,845,814,58.0,0.22090395160727852
V09,4743,1/600,1,measured,102,849,755,937,54.66666666666666,0.20549491451896484
V09,4753,1/600,0,measured,103,724,845,811,58.33333333333334,0.21983452408876564
V09,4753,1/600,1,measured,102,846,755,935,55.0,0.2041748605025725
V09,4763,1/600,0,measured,103,722,845,809,59.0,0.22252343398706376
V09,4763,1/600,1,measured,102,844,755,932,55.66666666666666,0.2070871193288207
V09,4773,1/600,0,measured,103,720,845,807,59.33333333333334,0.22036652667511988
V09,4773,1/600,1,measured,102,842,755,931,55.66666666666666,0.2045226006936351
V09,4783,1/600,0,measured,103,719,845,806,60.0,0.22079121721780884
V09,4783,1/600,1,measured,102,841,755,929,56.66666666666666,0.2036071095339632
V09,4793,1/600,0,measured,103,718,845,805,60.0,0.2197886409798262
V09,4793,1/600,1,measured,102,840,755,928,56.33333333333334,0.20271186570476504
V09,4803,1/600,0,measured,103,717,845,804,60.66666666666666,0.2209337146134899
V09,4803,1/600,1,measured,102,839,755,927,57.0,0.20442080739830892
V09,4813,1/600,0,measured,103,717,845,804,60.66666666666666,0.2210792817939574
V09,4813,1/600,1,measured,102,838,755,927,57.0,0.2048307314429429
V09,4823,1/600,0,measured,103,716,845,803,61.0,0.22250571944394945
V09,4823,1/600,1,measured,102,838,755,926,57.33333333333334,0.20533647633073637
V09,4833,1/600,0,measured,103,716,845,803,62.0,0.2226317274666837
V09,4833,1/600,1,measured,102,838,755,926,57.66666666666666,0.20368878650053154
V09,4843,1/600,0,measured,103,716,845,803,62.33333333333334,0.22448335186866303
V09,4843,1/600,1,measured,102,837,755,926,57.66666666666666,0.2045317083591039
V09,4852,1/600,0,measured,103,716,845,803,63.0,0.22620198295624483
V09,4852,1/600,1,measured,102,837,755,926,57.66666666666666,0.20442404709213957
V09,4862,1/600,0,measured,103,715,845,802,63.33333333333334,0.2273962844546981
V09,4862,1/600,1,measured,102,837,755,926,58.0,0.20449269551260138
V09,4872,1/600,0,measured,103,715,845,802,63.66666666666666,0.22839041017745126
V09,4872,1/600,1,measured,102,837,755,926,58.0,0.20439101918109187
V09,4882,1/600,0,measured,103,716,845,802,64.0,0.22885871440330136
V09,4882,1/600,1,measured,102,837,755,926,58.0,0.20448970325210006
V09,4892,1/600,0,measured,103,716,845,802,65.0,0.22990659925278367
V09,4892,1/600,1,measured,102,837,755,926,58.0,0.2047984555646826
V09,4902,1/600,0,measured,103,716,845,802,66.0,0.22887914807877255
V09,4902,1/600,1,measured,102,837,755,926,58.0,0.20489070174368115
V09,4912,1/600,0,measured,103,716,845,803,66.33333333333334,0.23019123980929843
V09,4912,1/600,1,measured,102,837,755,926,57.66666666666666,0.20496402406874387
V09,4922,1/600,0,measured,103,716,845,803,67.66666666666666,0.23071271572976493
V09,4922,1/600,1,measured,102,837,755,926,57.66666666666666,0.20470898555738132
V09,4932,1/600,0,measured,103,716,845,803,68.33333333333334,0.23162553471929548
V09,4932,1/600,1,measured,102,837,755,926,57.66666666666666,0.20455790003211358
V09,4942,1/600,0,measured,103,715,845,803,68.0,0.2307230441172642
V09,4942,1/600,1,measured,102,837,755,926,57.66666666666666,0.2050067973281391
V09,4952,1/600,0,measured,103,715,845,803,68.0,0.23155844943569806
V09,4952,1/600,1,measured,102,837,755,926,57.66666666666666,0.2052302052767716
V09,4962,1/600,0,measured,103,715,845,803,68.16666666666667,0.23106174957038322
V09,4962,1/600,1,measured,102,837,755,926,57.66666666666666,0.20560989672745156
V09,4972,1/600,0,measured,103,715,845,803,69.0,0.2315950459271316
V09,4972,1/600,1,measured,102,838,755,926,57.66666666666666,0.2059895058909603
V09,4982,1/600,0,measured,103,715,845,803,69.33333333333334,0.2307879538511643
V09,4982,1/600,1,measured,102,838,755,926,57.66666666666666,0.20604650439380978
V09,4992,1/600,0,measured,103,715,845,803,69.33333333333334,0.23130116201949721
V09,4992,1/600,1,measured,102,838,755,926,57.66666666666666,0.20603052276392014
V09,5002,1/600,0,measured,103,715,845,803,69.33333333333334,0.23014232251673775
V09,5002,1/600,1,measured,102,838,755,926,57.66666666666666,0.20583123037716297
V09,5012,1/600,0,measured,103,715,845,803,69.33333333333334,0.2308778197501307
V09,5012,1/600,1,measured,102,838,755,926,57.66666666666666,0.20583476363600156
V09,5022,1/600,0,measured,103,714,845,803,69.33333333333334,0.23053308971556635
V09,5022,1/600,1,measured,102,838,755,926,57.66666666666666,0.2058337111348078
V09,5032,1/600,0,measured,103,714,845,803,70.0,0.23108767687226195
V09,5032,1/600,1,measured,102,838,755,926,57.66666666666666,0.2057946789073041
V09,5042,1/600,0,measured,103,714,845,803,70.66666666666666,0.2302455431425384
V09,5042,1/600,1,measured,102,838,755,926,57.66666666666666,0.20593953424691633
V09,5052,1/600,0,measured,103,714,845,803,72.66666666666666,0.229837596979841
V09,5052,1/600,1,measured,102,838,755,926,57.66666666666666,0.20597086075075743
V09,5062,1/600,0,measured,103,714,845,803,74.33333333333334,0.2280291993309129
V09,5062,1/600,1,measured,102,838,755,926,57.66666666666666,0.20598607983929085
V09,5072,1/600,0,measured,103,714,845,803,76.0,0.22796600221300914
V09,5072,1/600,1,measured,102,838,755,926,57.66666666666666,0.20601093950413144
V09,5082,1/600,0,measured,103,714,845,803,78.0,0.22640557837505101
V09,5082,1/600,1,measured,102,838,755,926,57.66666666666666,0.20608668318249157
V09,5092,1/600,0,measured,103,714,845,803,80.33333333333334,0.2264464025912505
V09,5092,1/600,1,measured,102,838,755,926,57.66666666666666,0.20606024579347573
V09,5102,1/600,0,measured,103,713,845,803,82.0,0.22521932106688072
V09,5102,1/600,1,measured,102,838,755,926,57.66666666666666,0.20599317498773692
V09,5112,1/600,0,measured,103,713,845,803,85.33333333333334,0.22548932647692105
V09,5112,1/600,1,measured,102,838,755,926,57.66666666666666,0.20598626345323476
V09,5122,1/600,0,measured,103,713,845,803,87.33333333333334,0.22417146145345349
V09,5122,1/600,1,measured,102,838,755,926,57.66666666666666,0.2059993824824207
V09,5132,1/600,0,measured,103,713,845,803,88.0,0.2240400888988177
V09,5132,1/600,1,measured,102,838,755,926,57.66666666666666,0.20598882460392334
V09,5142,1/600,0,measured,103,713,845,803,89.0,0.22292850214076135
V09,5142,1/600,1,measured,102,838,755,926,57.66666666666666,0.2059944025019422
V09,5152,1/600,0,measured,103,713,845,803,90.33333333333334,0.2235649372670049
V09,5152,1/600,1,measured,102,838,755,926,58.0,0.20580058397015885
V09,5162,1/600,0,measured,103,713,845,803,91.0,0.22242283220530448
V09,5162,1/600,1,measured,102,838,755,926,58.0,0.20590853724404848
V09,5172,1/600,0,measured,103,713,845,803,93.33333333333334,0.2224457330408082
V09,5172,1/600,1,measured,102,838,755,926,58.0,0.20591198881002185
V09,5182,1/600,0,measured,103,713,845,803,96.33333333333334,0.22159980375289773
V09,5182,1/600,1,measured,102,838,755,926,58.0,0.20591476456108004
V09,5192,1/600,0,measured,103,713,845,803,98.66666666666666,0.22134944246447527
V09,5192,1/600,1,measured,102,838,755,926,58.0,0.20590391792029317
V09,5202,1/600,0,measured,103,713,845,803,100.33333333333334,0.22008025353597
V09,5202,1/600,1,measured,102,838,755,926,58.0,0.20600045620225588
V09,5212,1/600,0,measured,103,712,845,803,101.33333333333334,0.21950749770066022
V09,5212,1/600,1,measured,102,838,755,926,58.0,0.20597726204877417
V09,5222,1/600,0,measured,103,712,845,803,102.33333333333334,0.21824942145804785
V09,5222,1/600,1,measured,102,838,755,926,58.0,0.20602891555495972
V09,5232,1/600,0,measured,103,712,845,803,103.33333333333334,0.21777536615531973
V09,5232,1/600,1,measured,102,838,755,926,58.0,0.20589690534767888
V09,5242,1/600,0,measured,103,712,845,803,104.33333333333334,0.21634370649453083
V09,5242,1/600,1,measured,102,838,755,926,58.0,0.20595649575899616
V09,5252,1/600,0,measured,103,712,845,803,106.0,0.21586501278835873
V09,5252,1/600,1,measured,102,838,755,926,58.0,0.20601216214957768
V09,5262,1/600,0,measured,103,712,845,802,107.33333333333334,0.214905139484397
V09,5262,1/600,1,measured,102,838,755,926,58.0,0.2059971156132488
V09,5272,1/600,0,measured,103,712,845,802,108.33333333333334,0.21458074023003446
V09,5272,1/600,1,measured,102,838,755,926,58.0,0.20600005711738492
V09,5282,1/600,0,measured,103,712,845,802,110.0,0.21384356207124547
V09,5282,1/600,1,measured,102,838,755,926,58.0,0.2058613931943702
V09,5292,1/600,0,measured,103,712,845,802,111.66666666666666,0.21366735399156916
V09,5292,1/600,1,measured,102,838,755,926,58.0,0.20588247161890572
V09,5302,1/600,0,measured,103,712,845,802,113.0,0.21274844630486547
V09,5302,1/600,1,measured,102,838,755,926,58.0,0.20580477390943216
V09,5312,1/600,0,measured,103,712,845,802,114.33333333333334,0.213026796678781
V09,5312,1/600,1,measured,102,838,755,926,58.0,0.2057719264048034
V09,5322,1/600,0,measured,103,712,845,802,115.0,0.21259401848801388
V09,5322,1/600,1,measured,102,838,755,926,58.0,0.20576659075834555
V09,5332,1/600,0,measured,103,712,845,802,115.33333333333334,0.2130503665667514
V09,5332,1/600,1,measured,102,838,755,926,58.0,0.20571103113598305
V09,5342,1/600,0,measured,103,712,845,802,116.33333333333334,0.21256954118064056
V09,5342,1/600,1,measured,102,838,755,926,58.0,0.20573448356561247
V09,5352,1/600,0,measured,103,712,845,802,117.0,0.21313685550477574
V09,5352,1/600,1,measured,102,838,755,926,58.0,0.20573511167504657
V09,5362,1/600,0,measured,103,712,845,802,117.33333333333334,0.211977282460622
V09,5362,1/600,1,measured,102,838,755,926,58.0,0.2042377095225939
V09,5372,1/600,0,measured,103,712,845,802,118.0,0.2117973291354694
V09,5372,1/600,1,measured,102,838,755,926,58.0,0.20433326374285316
V09,5382,1/600,0,measured,103,712,845,802,119.33333333333334,0.21148835347164338
V09,5382,1/600,1,measured,102,838,755,926,58.0,0.20433459486288622
V09,5392,1/600,0,measured,103,712,845,802,119.66666666666666,0.21209945663597057
V09,5392,1/600,1,measured,102,838,755,926,58.0,0.20383741094172642
V09,5402,1/600,0,measured,103,712,845,802,119.66666666666666,0.211936769320553
V09,5402,1/600,1,measured,102,838,755,926,58.0,0.2041090090830564
V09,5412,1/600,0,measured,103,712,845,802,120.0,0.2119474186775594
V09,5412,1/600,1,measured,102,838,755,926,58.0,0.2041115659736621
V09,5422,1/600,0,measured,103,712,845,802,120.0,0.21109166250251998
V09,5422,1/600,1,measured,102,838,755,926,58.0,0.20410871721453078
V09,5432,1/600,0,measured,103,711,845,802,119.66666666666666,0.21132429075879972
V09,5432,1/600,1,measured,102,838,755,926,58.0,0.20394010264909598
V09,5442,1/600,0,measured,103,711,845,802,120.0,0.21057046189963563
V09,5442,1/600,1,measured,102,838,755,926,58.0,0.20432475993459912
V09,5452,1/600,0,measured,103,711,845,802,120.33333333333334,0.21028572995246608
V09,5452,1/600,1,measured,102,838,755,926,58.0,0.20412622021896312
V09,5462,1/600,0,measured,103,711,845,802,121.0,0.20944581551894761
V09,5462,1/600,1,measured,102,838,755,926,58.0,0.20411848197873286
V09,5472,1/600,0,measured,103,711,845,802,121.33333333333334,0.20947449806893118
V09,5472,1/600,1,measured,102,838,755,926,58.0,0.20398662809960433
V09,5482,1/600,0,measured,103,711,845,802,122.0,0.20878062937793274
V09,5482,1/600,1,measured,102,838,755,926,58.0,0.20418897382767773
V09,5491,1/600,0,measured,103,711,845,802,122.66666666666666,0.20883327510245137
V09,5491,1/600,1,measured,102,838,755,926,58.0,0.20419060619221943
V09,5501,1/600,0,measured,103,711,845,802,123.33333333333334,0.20824387954946091
V09,5501,1/600,1,measured,102,838,755,926,58.0,0.20419517851985208
V09,5511,1/600,0,measured,103,711,845,802,124.0,0.2083473568332461
V09,5511,1/600,1,measured,102,838,755,926,58.0,0.20419225489207576
V09,5521,1/600,0,measured,103,711,845,802,125.0,0.207427768376907
V09,5521,1/600,1,measured,102,838,755,926,58.0,0.20430889681260753
V09,5531,1/600,0,measured,103,711,845,802,125.66666666666666,0.20687483699310577
V09,5531,1/600,1,measured,102,838,755,926,58.0,0.20430480474657778
V09,5541,1/600,0,measured,103,711,845,802,125.66666666666666,0.2067499290880726
V09,5541,1/600,1,measured,102,838,755,926,58.0,0.20430510490536635
V09,5551,1/600,0,measured,103,711,845,802,125.66666666666666,0.2073182448107953
V09,5551,1/600,1,measured,102,838,755,926,58.0,0.20424280327918695
V09,5561,1/600,0,measured,103,711,845,802,125.33333333333334,0.20687890352894986
V09,5561,1/600,1,measured,102,838,755,926,58.0,0.20455846431218613
V09,5571,1/600,0,measured,103,711,845,802,125.33333333333334,0.20718536849294417
V09,5571,1/600,1,measured,102,838,755,926,58.0,0.20454823278721282
V09,5581,1/600,0,measured,103,711,845,802,125.33333333333334,0.20680109003743496
V09,5581,1/600,1,measured,102,838,755,926,58.0,0.2045614326836385
V09,5591,1/600,0,measured,103,711,845,802,125.33333333333334,0.20723158366689096
V09,5591,1/600,1,measured,102,838,755,926,58.0,0.2044185268764298
V09,5601,1/600,0,measured,103,711,845,802,125.33333333333334,0.20691228798998718
V09,5601,1/600,1,measured,102,838,755,926,58.0,0.20437957110287305
V09,5611,1/600,0,measured,103,711,845,802,125.33333333333334,0.2071359310383757
V09,5611,1/600,1,measured,102,838,755,926,58.0,0.2044415264791902
V09,5621,1/600,0,measured,103,711,845,802,125.66666666666666,0.20674937570557606
V09,5621,1/600,1,measured,102,838,755,926,57.66666666666666,0.20430275027229652
V09,5631,1/600,0,measured,103,711,845,802,126.0,0.20641946663400937
V09,5631,1/600,1,measured,102,838,755,926,57.66666666666666,0.2042753663888269
V09,5641,1/600,0,measured,103,711,845,802,126.66666666666666,0.2052568743736241
V09,5641,1/600,1,measured,102,838,755,926,57.66666666666666,0.20434826322688274
V09,5651,1/600,0,measured,103,711,845,802,127.0,0.20554029039868033
V09,5651,1/600,1,measured,102,838,755,926,57.66666666666666,0.20434650661539597
V09,5661,1/600,0,measured,103,710,845,802,127.0,0.20520309249460886
V09,5661,1/600,1,measured,102,838,755,926,57.66666666666666,0.20435454231193403
V09,5671,1/600,0,measured,103,710,845,802,127.66666666666666,0.2055189738654113
V09,5671,1/600,1,measured,102,838,755,926,57.66666666666666,0.20438115665713377
V09,5681,1/600,0,measured,103,710,845,802,128.0,0.20475462201737377
V09,5681,1/600,1,measured,102,838,755,926,57.66666666666666,0.20444794904713182
V09,5691,1/600,0,measured,103,710,845,802,128.0,0.20491251453368656
V09,5691,1/600,1,measured,102,838,755,926,57.66666666666666,0.2044652397206603
V09,5701,1/600,0,measured,103,710,845,802,129.0,0.2045185794416075
V09,5701,1/600,1,measured,102,838,755,926,57.66666666666666,0.2045709738628584
V09,5711,1/600,0,measured,103,710,845,802,130.0,0.20441946873999223
V09,5711,1/600,1,measured,102,838,755,926,57.66666666666666,0.2044710784021612
V09,5721,1/600,0,measured,103,710,845,802,131.0,0.20386635908349043
V09,5721,1/600,1,measured,102,838,755,926,57.66666666666666,0.20447921450826084
V09,5731,1/600,0,measured,103,710,845,802,131.66666666666666,0.20312148458006613
V09,5731,1/600,1,measured,102,838,755,926,57.66666666666666,0.2045334506769082
V09,5741,1/600,0,measured,103,710,845,802,132.0,0.20198464531869278
V09,5741,1/600,1,measured,102,838,755,926,57.66666666666666,0.2045351506291511
V09,5751,1/600,0,measured,103,710,845,802,132.66666666666666,0.2015885185850746
V09,5751,1/600,1,measured,102,838,755,926,57.66666666666666,0.20451016991492613
V09,5761,1/600,0,measured,103,710,845,802,133.0,0.20091769309227042
V09,5761,1/600,1,measured,102,838,755,926,57.66666666666666,0.20445438099464108
V09,5771,1/600,0,measured,103,710,845,802,133.66666666666666,0.20078479492001888
V09,5771,1/600,1,measured,102,838,755,926,57.66666666666666,0.20444922025542386
V09,5781,1/600,0,measured,103,710,845,801,134.66666666666666,0.20020857462387506
V09,5781,1/600,1,measured,102,838,755,926,57.66666666666666,0.20444264747954988
V09,5791,1/600,0,measured,103,710,845,801,134.66666666666666,0.20047677565144148
V09,5791,1/600,1,measured,102,838,755,926,57.66666666666666,0.20446921375874108
V09,5801,1/600,0,measured,103,710,845,801,134.66666666666666,0.1998809124981679
V09,5801,1/600,1,measured,102,838,755,926,57.66666666666666,0.20459183166842096
V09,5811,1/600,0,measured,103,710,845,801,135.0,0.20019956744684905
V09,5811,1/600,1,measured,102,838,755,926,58.0,0.20495789613099918
V09,5821,1/600,0,measured,103,710,845,801,135.0,0.1998661781847675
V09,5821,1/600,1,measured,102,838,755,926,59.0,0.20617418553890543
V09,5831,1/600,0,measured,103,710,845,801,135.0,0.2002885547116952
V09,5831,1/600,1,measured,102,838,755,926,59.66666666666666,0.2078794315209443
V09,5841,1/600,0,measured,103,710,845,801,135.0,0.20003602774843054
V09,5841,1/600,1,measured,102,838,755,926,60.0,0.20939890729390592
V09,5851,1/600,0,measured,103,710,845,800,135.0,0.20017777366034475
V09,5851,1/600,1,measured,102,838,755,926,61.0,0.20916981229552475
V09,5861,1/600,0,measured,103,710,845,800,135.0,0.19995076924364738
V09,5861,1/600,1,measured,102,838,755,926,62.66666666666666,0.20779758545049584
V09,5871,1/600,0,measured,103,710,845,800,135.0,0.20023193195790973
V09,5871,1/600,1,measured,102,838,755,926,64.33333333333334,0.2066031127091035
V09,5881,1/600,0,measured,103,710,845,800,135.0,0.19988862970750262
V09,5881,1/600,1,measured,102,838,755,926,65.66666666666666,0.20591408044976112
V09,5891,1/600,0,measured,103,710,845,800,135.33333333333334,0.20029049580992533
V09,5891,1/600,1,measured,102,838,755,926,67.66666666666666,0.2045937397960062
V09,5901,1/600,0,measured,103,710,845,800,135.0,0.20004373760729668
V09,5901,1/600,1,measured,102,837,755,926,67.33333333333334,0.2044665302980095
V09,5911,1/600,0,measured,103,710,845,800,135.0,0.20051135412744236
V09,5911,1/600,1,measured,102,837,755,926,67.33333333333334,0.2044563910376671
V09,5921,1/600,0,measured,103,710,845,800,135.0,0.20039616430933035
V09,5921,1/600,1,measured,102,837,755,926,67.66666666666666,0.20389319780970444
V09,5931,1/600,0,measured,103,710,845,800,135.0,0.200547764126903
V09,5931,1/600,1,measured,102,837,755,926,69.0,0.20333521410540004
V09,5941,1/600,0,measured,103,710,845,799,135.33333333333334,0.20018876280577497
V09,5941,1/600,1,measured,102,837,755,926,70.0,0.20167426713543835
V09,5951,1/600,0,measured,103,710,845,799,135.33333333333334,0.20035254357521506
V09,5951,1/600,1,measured,102,837,755,926,71.66666666666666,0.200485540932249
V09,5961,1/600,0,measured,103,710,845,799,135.33333333333334,0.19930805872088125
V09,5961,1/600,1,measured,102,837,755,926,73.33333333333334,0.19860639594249127
V09,5971,1/600,0,measured,103,710,845,799,135.33333333333334,0.19939557921697243
V09,5971,1/600,1,measured,102,837,755,926,76.0,0.19750188257897358
V09,5981,1/600,0,measured,103,710,845,799,135.33333333333334,0.19930039755369278
V09,5981,1/600,1,measured,102,837,755,926,79.0,0.19620780911664024
V09,5991,1/600,0,measured,103,710,845,799,135.33333333333334,0.19953283695188018
V09,5991,1/600,1,measured,102,837,755,926,80.66666666666666,0.19618196752033906
V09,6001,1/600,0,measured,103,710,845,799,135.0,0.19931652948599626
V09,6001,1/600,1,measured,102,837,755,926,82.66666666666666,0.1964159982695661
V09,6011,1/600,0,measured,103,710,845,799,135.0,0.19947145515061082
V09,6011,1/600,1,measured,102,837,755,926,88.33333333333334,0.19868758553924395
V09,6021,1/600,0,measured,103,710,845,799,135.0,0.1993981862653145
V09,6021,1/600,1,measured,102,837,755,926,90.0,0.19867255377832516
V09,6031,1/600,0,measured,103,710,845,799,135.0,0.1995834891749441
V09,6031,1/600,1,measured,102,837,755,927,90.66666666666666,0.19959911678346454
V09,6041,1/600,0,measured,103,710,845,799,135.33333333333334,0.1994200776063
V09,6041,1/600,1,measured,102,837,755,927,91.33333333333334,0.1994601635555427
V09,6051,1/600,0,measured,103,710,845,798,135.33333333333334,0.199494118410354
V09,6051,1/600,1,measured,102,837,755,926,92.66666666666666,0.20055554665639233
V09,6061,1/600,0,measured,103,710,845,798,135.33333333333334,0.19939888486512247
V09,6061,1/600,1,measured,102,837,755,926,93.0,0.20036108228340563
V09,6071,1/600,0,measured,103,710,845,798,135.66666666666666,0.1995939987565198
V09,6071,1/600,1,measured,102,837,755,926,93.66666666666666,0.2006889500688014
V09,6081,1/600,0,measured,103,710,845,798,135.33333333333334,0.1996229380527827
V09,6081,1/600,1,measured,102,836,755,926,93.33333333333334,0.20069762769830554
V09,6091,1/600,0,measured,103,710,845,798,135.66666666666666,0.1996277091959436
V09,6091,1/600,1,measured,102,836,755,926,94.0,0.2009937228637375
V09,6101,1/600,0,measured,103,710,845,798,135.66666666666666,0.19952807776563364
V09,6101,1/600,1,measured,102,836,755,926,94.66666666666666,0.20021937510177876
V09,6111,1/600,0,measured,103,710,845,798,135.66666666666666,0.1995576231922843
V09,6111,1/600,1,measured,102,836,755,926,95.0,0.20054878394740558
V09,6121,1/600,0,measured,103,710,845,798,135.66666666666666,0.19969058935398476
V09,6121,1/600,1,measured,102,836,755,926,95.66666666666666,0.19959363543281702
V09,6131,1/600,0,measured,103,710,845,798,135.66666666666666,0.19973947053985389
V09,6131,1/600,1,measured,102,836,755,926,96.33333333333334,0.20007093186690528
V09,6140,1/600,0,measured,103,710,845,798,135.66666666666666,0.1997053833837535
V09,6140,1/600,1,measured,102,836,755,926,96.6999999999995,0.19924268472668535
V09,6150,1/600,0,measured,103,710,845,798,135.66666666666666,0.19982965377829437
V09,6150,1/600,1,measured,102,835,755,926,97.33333333333334,0.19997297021093632
V09,6160,1/600,0,measured,103,710,845,798,135.66666666666666,0.19985601071023223
V09,6160,1/600,1,measured,102,835,755,926,98.0,0.19909164576997515
V09,6170,1/600,0,measured,103,710,845,798,135.66666666666666,0.19991834836376654
V09,6170,1/600,1,measured,102,835,755,926,98.66666666666666,0.19926618607815544
V09,6180,1/600,0,measured,103,710,845,798,135.66666666666666,0.19984825629949943
V09,6180,1/600,1,measured,102,835,755,926,99.0,0.19853203527193028
V09,6190,1/600,0,measured,103,710,845,798,135.66666666666666,0.19994967459635812
V09,6190,1/600,1,measured,102,835,755,926,99.33333333333334,0.1991715164649327
V09,6200,1/600,0,measured,103,710,845,798,135.66666666666666,0.19986589994772372
V09,6200,1/600,1,measured,102,835,755,926,99.66666666666666,0.19854194186108995
V09,6210,1/600,0,measured,103,710,845,798,135.66666666666666,0.1998992517824936
V09,6210,1/600,1,measured,102,835,755,926,100.0,0.19904254093888007
V09,6220,1/600,0,measured,103,710,845,798,135.66666666666666,0.19987992485114056
V09,6220,1/600,1,measured,102,834,755,926,100.33333333333334,0.19828372193609461
V09,6230,1/600,0,measured,103,710,845,798,135.66666666666666,0.19985802249954082
V09,6230,1/600,1,measured,102,834,755,926,101.33333333333334,0.19849548513333068
V09,6240,1/600,0,measured,103,710,845,798,135.66666666666666,0.1998018472486549
V09,6240,1/600,1,measured,102,834,755,926,102.33333333333334,0.19721166853887878
V09,6250,1/600,0,measured,103,710,845,798,135.66666666666666,0.1998243633596314
V09,6250,1/600,1,measured,102,834,755,926,103.0,0.19729884560290067
V09,6260,1/600,0,measured,103,710,845,798,135.66666666666666,0.1997620367667562
V09,6260,1/600,1,measured,102,834,755,926,104.0,0.19616915283157263
V09,6270,1/600,0,measured,103,710,845,798,135.66666666666666,0.19988411205235962
V09,6270,1/600,1,measured,102,834,755,926,105.0,0.19651405183147394
V09,6280,1/600,0,measured,103,710,845,798,135.66666666666666,0.19977065433389518
V09,6280,1/600,1,measured,102,834,755,926,105.0,0.19555944613881152
V09,6290,1/600,0,measured,103,710,845,798,135.66666666666666,0.19982575928266114
V09,6290,1/600,1,measured,102,834,755,926,105.66666666666666,0.19588304476072477
V09,6300,1/600,0,measured,103,710,845,798,135.66666666666666,0.1997318518404364
V09,6300,1/600,1,measured,102,833,755,926,106.0,0.19575171077003578
V09,6310,1/600,0,measured,103,710,845,798,135.66666666666666,0.19980988560876115
V09,6310,1/600,1,measured,102,833,755,926,106.33333333333334,0.1965067214701831
V09,6320,1/600,0,measured,103,710,845,798,135.66666666666666,0.19973508543122662
V09,6320,1/600,1,measured,102,833,755,926,106.66666666666666,0.19587920954274862
V09,6330,1/600,0,measured,103,710,845,798,135.66666666666666,0.19976107047115188
V09,6330,1/600,1,measured,102,833,755,926,107.33333333333334,0.19616950927545984
V09,6340,1/600,0,measured,103,710,845,798,135.66666666666666,0.1997253800182949
V09,6340,1/600,1,measured,102,833,755,926,108.33333333333334,0.1957022819664071
V09,6350,1/600,0,measured,103,710,845,798,135.66666666666666,0.19978509124023483
V09,6350,1/600,1,measured,102,833,755,926,109.0,0.19608812460039815
V09,6360,1/600,0,measured,103,710,845,798,135.66666666666666,0.1996519601461987
V09,6360,1/600,1,measured,102,833,755,926,109.0,0.19530080162285463
V09,6370,1/600,0,measured,103,710,845,798,135.66666666666666,0.19965834101374064
V09,6370,1/600,1,measured,102,833,755,926,109.33333333333334,0.19602223156888998
V09,6380,1/600,0,measured,103,710,845,798,135.66666666666666,0.1995803281154181
V09,6380,1/600,1,measured,102,833,755,926,109.66666666666666,0.19549222443438788
V09,6390,1/600,0,measured,103,710,845,798,135.66666666666666,0.19968329854178407
V09,6390,1/600,1,measured,102,833,755,926,109.66666666666666,0.19649268858614466
V09,6400,1/600,0,measured,103,710,845,798,135.66666666666666,0.19965104640380377
V09,6400,1/600,1,measured,102,833,755,926,109.66666666666666,0.1957027836080239
V09,6410,1/600,0,measured,103,710,845,798,135.66666666666666,0.19968501255915475
V09,6410,1/600,1,measured,102,833,755,926,109.66666666666666,0.19625303732681515
V09,6420,1/600,0,measured,103,710,845,798,135.66666666666666,0.1995950617851277
V09,6420,1/600,1,measured,102,833,755,926,109.66666666666666,0.19576179891163845
V09,6430,1/600,0,measured,103,710,845,798,135.66666666666666,0.19965736988959698
V09,6430,1/600,1,measured,102,833,755,926,109.66666666666666,0.19624029839862522
V09,6440,1/600,0,measured,103,710,845,798,135.66666666666666,0.1995511667549573
V09,6440,1/600,1,measured,102,833,755,926,109.66666666666666,0.19550069782141166
V09,6450,1/600,0,measured,103,710,845,798,135.66666666666666,0.19964871102663584
V09,6450,1/600,1,measured,102,833,755,926,109.66666666666666,0.1957964518126908
V09,6460,1/600,0,measured,103,710,845,798,135.66666666666666,0.1995627747343479
V09,6460,1/600,1,measured,102,833,755,926,109.66666666666666,0.19542998091028177
V09,6470,1/600,0,measured,103,710,845,798,135.66666666666666,0.19963341033604792
V09,6470,1/600,1,measured,102,833,755,926,109.66666666666666,0.19616556645189498
V09,6480,1/600,0,measured,103,710,845,798,135.66666666666666,0.1995882192866079
V09,6480,1/600,1,measured,102,833,755,926,109.33333333333334,0.195407341873785
V09,6490,1/600,0,measured,103,710,845,798,135.66666666666666,0.19971014655442362
V09,6490,1/600,1,measured,102,833,755,926,109.66666666666666,0.195870465131626
V09,6500,1/600,0,measured,103,710,845,798,135.66666666666666,0.19958474394087578
V09,6500,1/600,1,measured,102,832,755,926,109.33333333333334,0.19574493591349862
V09,6510,1/600,0,measured,103,710,845,798,136.0,0.19968020592128108
V09,6510,1/600,1,measured,102,832,755,926,109.33333333333334,0.1964809414388625
V09,6520,1/600,0,measured,103,710,845,798,136.0,0.1996438008756834
V09,6520,1/600,1,measured,102,832,755,926,109.66666666666666,0.19562422407723892
V09,6530,1/600,0,measured,103,710,845,798,136.0,0.19973495439364713
V09,6530,1/600,1,measured,102,832,755,926,110.0,0.19594414818867598
V09,6540,1/600,0,measured,103,710,845,798,136.0,0.19965948622203566
V09,6540,1/600,1,measured,102,832,755,926,110.0,0.1954243346207226
V09,6550,1/600,0,measured,103,710,845,798,136.0,0.19972857173995354
V09,6550,1/600,1,measured,102,832,755,926,110.33333333333334,0.1961213822169555
V09,6560,1/600,0,measured,103,710,845,798,135.66666666666666,0.1992432621132461
V09,6560,1/600,1,measured,102,832,755,926,110.66666666666666,0.19458439309327968
V09,6570,1/600,0,measured,103,710,845,798,135.66666666666666,0.19923980005943218
V09,6570,1/600,1,measured,102,832,755,925,111.0,0.19419609695963458
V09,6580,1/600,0,measured,103,710,845,798,135.66666666666666,0.19922888131174707
V09,6580,1/600,1,measured,102,832,755,925,111.0,0.1937727670768259
V09,6590,1/600,0,measured,103,710,845,798,135.66666666666666,0.19928085080616534
V09,6590,1/600,1,measured,102,832,755,925,111.33333333333334,0.19373670352471503
V09,6600,1/600,0,measured,103,710,845,798,135.66666666666666,0.19930095116993587
V09,6600,1/600,1,measured,102,832,755,925,111.33333333333334,0.19313498035247284
V09,6610,1/600,0,measured,103,710,845,798,135.66666666666666,0.19945562060373445
V09,6610,1/600,1,measured,102,832,755,925,111.66666666666666,0.19307886279197287
V09,6620,1/600,0,measured,103,710,845,798,135.66666666666666,0.1993239654533871
V09,6620,1/600,1,measured,102,832,755,925,111.66666666666666,0.1924145713365196
V09,6630,1/600,0,measured,103,710,845,798,135.66666666666666,0.19946052109783732
V09,6630,1/600,1,measured,102,832,755,925,112.0,0.19257734465455503
V09,6640,1/600,0,measured,103,710,845,798,135.66666666666666,0.1991902477987341
V09,6640,1/600,1,measured,102,832,755,925,112.0,0.19191156811326532
V09,6650,1/600,0,measured,103,710,845,798,135.66666666666666,0.19933228022467303
V09,6650,1/600,1,measured,102,832,755,925,112.66666666666666,0.19198825010411327
V09,6660,1/600,0,measured,103,710,845,798,135.66666666666666,0.19920950772265
V09,6660,1/600,1,measured,102,832,755,925,113.0,0.19205006179291917
V09,6670,1/600,0,measured,103,710,845,798,135.66666666666666,0.19930068059695258
V09,6670,1/600,1,measured,102,832,755,924,113.33333333333334,0.19207542659084365
V09,6680,1/600,0,measured,103,710,845,798,135.66666666666666,0.1991488273544239
V09,6680,1/600,1,measured,102,832,755,924,113.33333333333334,0.19169017538792502
V09,6690,1/600,0,measured,103,710,845,798,135.66666666666666,0.19926494187639437
V09,6690,1/600,1,measured,102,832,755,924,113.66666666666666,0.19207907375227593
V09,6700,1/600,0,measured,103,710,845,798,135.66666666666666,0.19912103636612227
V09,6700,1/600,1,measured,102,832,755,924,114.0,0.19176820445883797
V09,6710,1/600,0,measured,103,710,845,798,135.66666666666666,0.19920023503467338
V09,6710,1/600,1,measured,102,832,755,924,114.33333333333334,0.19194706477991294
V09,6720,1/600,0,measured,103,710,845,798,135.66666666666666,0.19904253713439768
V09,6720,1/600,1,measured,102,832,755,924,115.0,0.19129085502949486
V09,6729,1/600,0,measured,103,710,845,798,135.66666666666666,0.199220705383348
V09,6729,1/600,1,measured,102,832,755,924,116.0,0.19151193449156736
V09,6739,1/600,0,measured,103,710,845,798,135.66666666666666,0.1990938762283146
V09,6739,1/600,1,measured,102,832,755,924,117.0,0.19109105116115457
V09,6749,1/600,0,measured,103,710,845,798,135.66666666666666,0.19919067868915935
V09,6749,1/600,1,measured,102,832,755,923,117.66666666666666,0.19103765950712837
V09,6759,1/600,0,measured,103,710,845,798,135.66666666666666,0.1991389805765851
V09,6759,1/600,1,measured,102,832,755,923,118.0,0.19013611419527712
V09,6769,1/600,0,measured,103,710,845,798,135.66666666666666,0.19910268889436972
V09,6769,1/600,1,measured,102,832,755,923,118.33333333333334,0.19047363411734036
V09,6779,1/600,0,measured,103,710,845,798,135.66666666666666,0.19907239662609053
V09,6779,1/600,1,measured,102,832,755,923,118.66666666666666,0.18995918984548377
V09,6789,1/600,0,measured,103,710,845,798,135.66666666666666,0.1990242744500376
V09,6789,1/600,1,measured,102,832,755,923,120.0,0.1901497565981293
V09,6799,1/600,0,measured,103,710,845,798,135.66666666666666,0.19909798066937462
V09,6799,1/600,1,measured,102,832,755,923,120.33333333333334,0.1893554000783409
V09,6809,1/600,0,measured,103,710,845,798,135.66666666666666,0.19913684506541093
V09,6809,1/600,1,measured,102,832,755,923,121.0,0.18958330738845464
V09,6819,1/600,0,measured,103,710,845,798,135.66666666666666,0.19906335464388902
V09,6819,1/600,1,measured,102,832,755,923,121.0,0.18874193726879498
V09,6829,1/600,0,measured,103,710,845,798,135.66666666666666,0.19903776224943684
V09,6829,1/600,1,measured,102,832,755,922,122.0,0.1874318338552105
V09,6839,1/600,0,measured,103,710,845,798,135.66666666666666,0.19897508882315726
V09,6839,1/600,1,measured,102,832,755,922,123.0,0.18619887930118503
V09,6849,1/600,0,measured,103,710,845,798,135.66666666666666,0.1990462603634603
V09,6849,1/600,1,measured,102,832,755,922,124.0,0.18590414984311612
V09,6859,1/600,0,measured,103,710,845,798,135.66666666666666,0.19894805184303518
V09,6859,1/600,1,measured,102,832,755,922,124.33333333333334,0.18517995529272577
V09,6869,1/600,0,measured,103,710,845,798,135.66666666666666,0.19895640051827812
V09,6869,1/600,1,measured,102,832,755,922,125.33333333333334,0.18529834616633098
V09,6879,1/600,0,measured,103,710,845,798,135.66666666666666,0.19895856539657317
V09,6879,1/600,1,measured,102,832,755,922,126.0,0.18465761078229137
V09,6889,1/600,0,measured,103,710,845,798,135.66666666666666,0.19899759932538497
V09,6889,1/600,1,measured,102,832,755,922,126.33333333333334,0.18467839133197414
V09,6899,1/600,0,measured,103,710,845,798,135.66666666666666,0.19893840732925205
V09,6899,1/600,1,measured,102,832,755,922,126.33333333333334,0.1842772587624943
V09,6909,1/600,0,measured,103,710,845,798,135.66666666666666,0.19898623652637432
V09,6909,1/600,1,measured,102,832,755,922,126.33333333333334,0.18454929966828917
V09,6919,1/600,0,measured,103,710,845,798,135.66666666666666,0.199025101274158
V09,6919,1/600,1,measured,102,832,755,922,126.66666666666666,0.1841726930720002
V09,6929,1/600,0,measured,103,710,845,798,135.66666666666666,0.19908662382220343
V09,6929,1/600,1,measured,102,832,755,922,126.66666666666666,0.18428359208814324
V09,6939,1/600,0,measured,103,710,845,798,135.66666666666666,0.19900012343188667
V09,6939,1/600,1,measured,102,832,755,922,127.0,0.18422457185618307
V09,6949,1/600,0,measured,103,706,845,794,135.33333333333334,0.19753267463945415
V09,6949,1/600,1,measured,102,828,755,918,126.33333333333334,0.18224215340291725
V09,6959,1/600,0,measured,102,692,844,780,131.0,0.19460676198613303
V09,6959,1/600,1,measured,102,814,754,903,121.66666666666666,0.1815740084990927
V09,6969,1/600,0,measured,103,673,843,759,48.66666666666666,0.20726470184995438
V09,6969,1/600,1,measured,103,795,753,882,45.33333333333334,0.1944726943265219
V09,6979,1/600,0,unavailable,,,,,,
V09,6979,1/600,1,unavailable,,,,,,
V09,6989,1/600,0,unavailable,,,,,,
V09,6989,1/600,1,unavailable,,,,,,
V09,6999,1/600,0,unavailable,,,,,,
V09,6999,1/600,1,unavailable,,,,,,
V09,7009,1/600,0,unavailable,,,,,,
V09,7009,1/600,1,unavailable,,,,,,
V09,7019,1/600,0,unavailable,,,,,,
V09,7019,1/600,1,unavailable,,,,,,
V09,7029,1/600,0,unavailable,,,,,,
V09,7029,1/600,1,unavailable,,,,,,
V09,7039,1/600,0,unavailable,,,,,,
V09,7039,1/600,1,unavailable,,,,,,
V09,7049,1/600,0,unavailable,,,,,,
V09,7049,1/600,1,unavailable,,,,,,
V09,7059,1/600,0,unavailable,,,,,,
V09,7059,1/600,1,unavailable,,,,,,
V09,7069,1/600,0,unavailable,,,,,,
V09,7069,1/600,1,unavailable,,,,,,
V09,7079,1/600,0,unavailable,,,,,,
V09,7079,1/600,1,unavailable,,,,,,
V09,7089,1/600,0,unavailable,,,,,,
V09,7089,1/600,1,unavailable,,,,,,
V09,7099,1/600,0,unavailable,,,,,,
V09,7099,1/600,1,unavailable,,,,,,
V10,4203,1/600,0,unavailable,,,,,,
V10,4203,1/600,1,unavailable,,,,,,
V10,4213,1/600,0,unavailable,,,,,,
V10,4213,1/600,1,unavailable,,,,,,
V10,4223,1/600,0,unavailable,,,,,,
V10,4223,1/600,1,unavailable,,,,,,
V10,4233,1/600,0,unavailable,,,,,,
V10,4233,1/600,1,unavailable,,,,,,
V10,4243,1/600,0,unavailable,,,,,,
V10,4243,1/600,1,unavailable,,,,,,
V10,4253,1/600,0,unavailable,,,,,,
V10,4253,1/600,1,unavailable,,,,,,
V10,4263,1/600,0,unavailable,,,,,,
V10,4263,1/600,1,unavailable,,,,,,
V10,4273,1/600,0,unavailable,,,,,,
V10,4273,1/600,1,unavailable,,,,,,
V10,4283,1/600,0,unavailable,,,,,,
V10,4283,1/600,1,unavailable,,,,,,
V10,4293,1/600,0,unavailable,,,,,,
V10,4293,1/600,1,unavailable,,,,,,
V10,4303,1/600,0,unavailable,,,,,,
V10,4303,1/600,1,unavailable,,,,,,
V10,4313,1/600,0,unavailable,,,,,,
V10,4313,1/600,1,unavailable,,,,,,
V10,4323,1/600,0,unavailable,,,,,,
V10,4323,1/600,1,unavailable,,,,,,
V10,4333,1/600,0,unavailable,,,,,,
V10,4333,1/600,1,unavailable,,,,,,
V10,4343,1/600,0,unavailable,,,,,,
V10,4343,1/600,1,unavailable,,,,,,
V10,4353,1/600,0,unavailable,,,,,,
V10,4353,1/600,1,unavailable,,,,,,
V10,4363,1/600,0,unavailable,,,,,,
V10,4363,1/600,1,unavailable,,,,,,
V10,4373,1/600,0,unavailable,,,,,,
V10,4373,1/600,1,unavailable,,,,,,
V10,4383,1/600,0,unavailable,,,,,,
V10,4383,1/600,1,unavailable,,,,,,
V10,4393,1/600,0,unavailable,,,,,,
V10,4393,1/600,1,unavailable,,,,,,
V10,4403,1/600,0,unavailable,,,,,,
V10,4403,1/600,1,unavailable,,,,,,
V10,4413,1/600,0,unavailable,,,,,,
V10,4413,1/600,1,unavailable,,,,,,
V10,4423,1/600,0,unavailable,,,,,,
V10,4423,1/600,1,unavailable,,,,,,
V10,4433,1/600,0,unavailable,,,,,,
V10,4433,1/600,1,unavailable,,,,,,
V10,4443,1/600,0,unavailable,,,,,,
V10,4443,1/600,1,unavailable,,,,,,
V10,4453,1/600,0,unavailable,,,,,,
V10,4453,1/600,1,unavailable,,,,,,
V10,4463,1/600,0,unavailable,,,,,,
V10,4463,1/600,1,unavailable,,,,,,
V10,4473,1/600,0,unavailable,,,,,,
V10,4473,1/600,1,unavailable,,,,,,
V10,4483,1/600,0,unavailable,,,,,,
V10,4483,1/600,1,unavailable,,,,,,
V10,4493,1/600,0,unavailable,,,,,,
V10,4493,1/600,1,unavailable,,,,,,
V10,4503,1/600,0,unavailable,,,,,,
V10,4503,1/600,1,unavailable,,,,,,
V10,4513,1/600,0,unavailable,,,,,,
V10,4513,1/600,1,unavailable,,,,,,
V10,4523,1/600,0,unavailable,,,,,,
V10,4523,1/600,1,unavailable,,,,,,
V10,4533,1/600,0,unavailable,,,,,,
V10,4533,1/600,1,unavailable,,,,,,
V10,4543,1/600,0,unavailable,,,,,,
V10,4543,1/600,1,unavailable,,,,,,
V10,4553,1/600,0,unavailable,,,,,,
V10,4553,1/600,1,unavailable,,,,,,
V10,4563,1/600,0,unavailable,,,,,,
V10,4563,1/600,1,unavailable,,,,,,
V10,4573,1/600,0,measured,105,951,832,1032,31.66666666666667,0.20449523754448615
V10,4573,1/600,1,measured,104,1071,743,1153,28.66666666666667,0.19048140455119017
V10,4583,1/600,0,measured,104,922,834,1006,37.33333333333333,0.20545253184279005
V10,4583,1/600,1,measured,103,1043,745,1127,34.66666666666667,0.19415493831920025
V10,4593,1/600,0,measured,103,895,836,980,42.33333333333333,0.21229474745640653
V10,4593,1/600,1,measured,102,1016,747,1102,40.33333333333333,0.1956803070195011
V10,4603,1/600,0,measured,103,871,837,956,43.66666666666667,0.21724405725911866
V10,4603,1/600,1,measured,102,991,748,1078,41.0,0.19819629115124254
V10,4613,1/600,0,measured,103,848,838,933,45.33333333333333,0.21935901989075288
V10,4613,1/600,1,measured,102,969,748,1056,42.33333333333333,0.1983655000382374
V10,4623,1/600,0,measured,103,827,839,912,47.33333333333333,0.21988785241396613
V10,4623,1/600,1,measured,102,947,750,1035,44.33333333333333,0.2020257809532667
V10,4633,1/600,0,measured,103,809,840,895,48.66666666666667,0.2156621577137725
V10,4633,1/600,1,measured,102,930,750,1017,45.66666666666667,0.1963679157289769
V10,4643,1/600,0,measured,103,793,841,879,50.66666666666666,0.217310274621749
V10,4643,1/600,1,measured,102,914,751,1002,47.33333333333333,0.20234389474216083
V10,4653,1/600,0,measured,103,779,842,865,51.66666666666666,0.2170962818630132
V10,4653,1/600,1,measured,102,900,752,988,48.66666666666666,0.1983431127980636
V10,4663,1/600,0,measured,103,767,843,853,53.0,0.21975627959467028
V10,4663,1/600,1,measured,102,888,753,977,49.66666666666666,0.20193557441771062
V10,4673,1/600,0,measured,103,757,844,844,53.66666666666666,0.2150026206931023
V10,4673,1/600,1,measured,102,879,754,967,50.33333333333334,0.19823231871115318
V10,4683,1/600,0,measured,103,748,845,835,55.33333333333334,0.21772927977219889
V10,4683,1/600,1,measured,102,870,754,958,52.0,0.2014026823891267
V10,4693,1/600,0,measured,103,742,845,828,56.66666666666666,0.22276802490141848
V10,4693,1/600,1,measured,102,863,755,952,53.0,0.20585360561492894
V10,4703,1/600,0,measured,103,736,845,823,57.0,0.22520218760943103
V10,4703,1/600,1,measured,102,858,755,946,53.33333333333334,0.2077278182125704
V10,4713,1/600,0,measured,103,732,845,818,58.0,0.21925525955130362
V10,4713,1/600,1,measured,102,853,755,942,54.33333333333334,0.20235877526385332
V10,4722,1/600,0,measured,103,728,845,815,58.33333333333334,0.222747812192616
V10,4722,1/600,1,measured,102,850,755,938,54.66666666666666,0.20714539518758673
V10,4732,1/600,0,measured,103,725,845,811,59.0,0.2209480643402399
V10,4732,1/600,1,measured,102,846,755,935,55.33333333333334,0.2061485042218375
V10,4742,1/600,0,measured,103,722,845,809,59.66666666666666,0.21973359533264838
V10,4742,1/600,1,measured,102,844,755,933,56.0,0.2040454628976748
V10,4752,1/600,0,measured,103,721,845,807,59.33333333333334,0.2191662533518449
V10,4752,1/600,1,measured,102,842,755,931,55.66666666666666,0.2035251053125692
V10,4762,1/600,0,measured,103,719,845,806,60.0,0.219898813921599
V10,4762,1/600,1,measured,102,841,755,929,56.33333333333334,0.20357761631680457
V10,4772,1/600,0,measured,103,718,845,805,60.0,0.21902041412644163
V10,4772,1/600,1,measured,102,840,755,928,56.33333333333334,0.20291269142594268
V10,4782,1/600,0,measured,103,717,845,804,60.33333333333334,0.21912914055175536
V10,4782,1/600,1,measured,102,839,755,928,57.0,0.20343709134859508
V10,4792,1/600,0,measured,103,717,845,803,60.33333333333334,0.21784308944024133
V10,4792,1/600,1,measured,102,838,755,927,56.66666666666666,0.20047301171396256
V10,4802,1/600,0,measured,103,716,845,803,60.66666666666666,0.2200921319816794
V10,4802,1/600,1,measured,102,838,755,926,57.0,0.20247225052188916
V10,4812,1/600,0,measured,103,716,845,803,61.0,0.22096246741755746
V10,4812,1/600,1,measured,102,838,755,926,56.66666666666666,0.20167618546344354
V10,4822,1/600,0,measured,103,716,845,803,61.66666666666666,0.2224257250994376
V10,4822,1/600,1,measured,102,837,755,926,57.0,0.20265430428526957
V10,4832,1/600,0,measured,103,716,845,802,62.33333333333334,0.22340732758866694
V10,4832,1/600,1,measured,102,837,755,926,57.0,0.2028197773075272
V10,4842,1/600,0,measured,103,716,845,802,63.0,0.22557343434754745
V10,4842,1/600,1,measured,102,837,755,926,57.33333333333334,0.20334729955655328
V10,4852,1/600,0,measured,103,716,845,802,63.33333333333334,0.22744798242317144
V10,4852,1/600,1,measured,102,837,755,926,57.33333333333334,0.20352864424107703
V10,4862,1/600,0,measured,103,716,845,802,63.66666666666666,0.22792765150286434
V10,4862,1/600,1,measured,102,837,755,926,57.33333333333334,0.2034974395995974
V10,4872,1/600,0,measured,103,716,845,802,64.66666666666666,0.22869439386798815
V10,4872,1/600,1,measured,102,837,755,926,57.33333333333334,0.20280940267825623
V10,4882,1/600,0,measured,103,716,845,802,65.33333333333334,0.22832847513485688
V10,4882,1/600,1,measured,102,837,755,926,57.33333333333334,0.2027099450450725
V10,4892,1/600,0,measured,103,716,845,802,66.33333333333334,0.23048024256578084
V10,4892,1/600,1,measured,102,837,755,926,57.0,0.20268739076675701
V10,4902,1/600,0,measured,103,716,845,803,67.33333333333334,0.23010001092695717
V10,4902,1/600,1,measured,102,837,755,926,57.0,0.2028346381093518
V10,4912,1/600,0,measured,103,716,845,803,68.0,0.2301300485818466
V10,4912,1/600,1,measured,102,837,755,926,57.0,0.20390348997196975
V10,4922,1/600,0,measured,103,715,845,803,68.0,0.22983284471880733
V10,4922,1/600,1,measured,102,837,755,926,57.0,0.2042687204995654
V10,4932,1/600,0,measured,103,715,845,803,67.66666666666666,0.23022044471220565
V10,4932,1/600,1,measured,102,837,755,926,57.0,0.20454190001451386
V10,4942,1/600,0,measured,103,715,845,803,68.0,0.22983738879081644
V10,4942,1/600,1,measured,102,837,755,926,57.0,0.20510557238062188
V10,4952,1/600,0,measured,103,715,845,803,68.33333333333334,0.23049116565434988
V10,4952,1/600,1,measured,102,838,755,926,57.33333333333334,0.20484565638377064
V10,4962,1/600,0,measured,103,715,845,802,69.33333333333334,0.22932013684982555
V10,4962,1/600,1,measured,102,838,755,926,57.33333333333334,0.20457044136275435
V10,4972,1/600,0,measured,103,715,845,802,69.33333333333334,0.23011514109469602
V10,4972,1/600,1,measured,102,838,755,926,57.33333333333334,0.20449709154164733
V10,4982,1/600,0,measured,103,715,845,802,69.33333333333334,0.22922035361213908
V10,4982,1/600,1,measured,102,838,755,926,57.33333333333334,0.2046337284222458
V10,4992,1/600,0,measured,103,715,845,802,69.33333333333334,0.22959279267677005
V10,4992,1/600,1,measured,102,838,755,926,57.33333333333334,0.2046111342756261
V10,5002,1/600,0,measured,103,715,845,802,70.0,0.22893296165932925
V10,5002,1/600,1,measured,102,838,755,926,57.33333333333334,0.20474201141602305
V10,5012,1/600,0,measured,103,714,845,802,70.0,0.22980588327216508
V10,5012,1/600,1,measured,102,838,755,926,57.33333333333334,0.2049641676294981
V10,5022,1/600,0,measured,103,714,845,802,71.0,0.22917348776183435
V10,5022,1/600,1,measured,102,838,755,926,57.33333333333334,0.2047955863984563
V10,5032,1/600,0,measured,103,714,845,802,73.33333333333334,0.22922512978434997
V10,5032,1/600,1,measured,102,838,755,926,57.33333333333334,0.2047852823787229
V10,5042,1/600,0,measured,103,714,845,802,75.33333333333334,0.22780628590985125
V10,5042,1/600,1,measured,102,838,755,926,57.33333333333334,0.20483244833727093
V10,5052,1/600,0,measured,103,714,845,802,77.0,0.2279719485881664
V10,5052,1/600,1,measured,102,838,755,926,57.33333333333334,0.2048219844732965
V10,5062,1/600,0,measured,103,714,845,802,79.33333333333334,0.22624338867874
V10,5062,1/600,1,measured,102,838,755,926,57.33333333333334,0.2048222036882239
V10,5072,1/600,0,measured,103,714,845,802,82.33333333333334,0.22618551494123892
V10,5072,1/600,1,measured,102,838,755,926,57.33333333333334,0.20479163552457696
V10,5082,1/600,0,measured,103,714,845,802,84.66666666666666,0.22466787902089203
V10,5082,1/600,1,measured,102,838,755,926,57.33333333333334,0.2050131765685257
V10,5092,1/600,0,measured,103,713,845,802,86.66666666666666,0.22493476626420766
V10,5092,1/600,1,measured,102,838,755,926,57.33333333333334,0.20494129017458135
V10,5102,1/600,0,measured,103,713,845,802,89.66666666666666,0.22412109740578115
V10,5102,1/600,1,measured,102,838,755,926,57.33333333333334,0.20499908639677708
V10,5112,1/600,0,measured,103,713,845,802,90.66666666666666,0.22395351953188475
V10,5112,1/600,1,measured,102,838,755,926,57.33333333333334,0.2049294481392272
V10,5122,1/600,0,measured,103,713,845,802,91.66666666666666,0.2230122193204407
V10,5122,1/600,1,measured,102,838,755,926,57.33333333333334,0.20500319845897277
V10,5132,1/600,0,measured,103,713,845,803,92.0,0.22365486155624045
V10,5132,1/600,1,measured,102,838,755,926,57.33333333333334,0.20473802248982179
V10,5142,1/600,0,measured,103,713,845,803,92.33333333333334,0.22285675710843325
V10,5142,1/600,1,measured,102,838,755,926,57.33333333333334,0.20494103944260134
V10,5152,1/600,0,measured,103,713,845,803,94.66666666666666,0.22250234615602354
V10,5152,1/600,1,measured,102,838,755,926,57.33333333333334,0.20485454193056274
V10,5162,1/600,0,measured,103,713,845,803,97.66666666666666,0.22169606830265007
V10,5162,1/600,1,measured,102,838,755,926,57.33333333333334,0.20494992873752907
V10,5172,1/600,0,measured,103,713,845,803,100.0,0.221006990430999
V10,5172,1/600,1,measured,102,838,755,926,57.33333333333334,0.20495646286825586
V10,5182,1/600,0,measured,103,713,845,803,102.0,0.2199477131606347
V10,5182,1/600,1,measured,102,838,755,926,57.33333333333334,0.20482658201698473
V10,5192,1/600,0,measured,103,713,845,803,103.33333333333334,0.21937332728770964
V10,5192,1/600,1,measured,102,838,755,926,57.33333333333334,0.20483638024080014
V10,5202,1/600,0,measured,103,712,845,803,104.0,0.21811544599966498
V10,5202,1/600,1,measured,102,838,755,926,57.33333333333334,0.20501590266369618
V10,5212,1/600,0,measured,103,712,845,803,105.0,0.21759456761636964
V10,5212,1/600,1,measured,102,838,755,926,57.33333333333334,0.20500892530902576
V10,5222,1/600,0,measured,103,712,845,803,106.3000000000005,0.21640891200020138
V10,5222,1/600,1,measured,102,838,755,926,57.33333333333334,0.20499904978857797
V10,5232,1/600,0,measured,103,712,845,803,107.33333333333334,0.21608025151864704
V10,5232,1/600,1,measured,102,838,755,926,57.33333333333334,0.20498899027800133
V10,5242,1/600,0,measured,103,712,845,802,109.0,0.21488738318227493
V10,5242,1/600,1,measured,102,838,755,926,57.33333333333334,0.2049817350342296
V10,5252,1/600,0,measured,103,712,845,802,110.0,0.21444432567715868
V10,5252,1/600,1,measured,102,838,755,926,57.33333333333334,0.2049993217211155
V10,5262,1/600,0,measured,103,712,845,802,111.33333333333334,0.21372782854362715
V10,5262,1/600,1,measured,102,838,755,926,57.33333333333334,0.20502219304826208
V10,5272,1/600,0,measured,103,712,845,802,113.0,0.2134061250159474
V10,5272,1/600,1,measured,102,838,755,926,57.33333333333334,0.20502211843780346
V10,5282,1/600,0,measured,103,712,845,802,114.33333333333334,0.2125905220145324
V10,5282,1/600,1,measured,102,838,755,926,57.33333333333334,0.2050459531333358
V10,5292,1/600,0,measured,103,712,845,802,116.0,0.21292915202313017
V10,5292,1/600,1,measured,102,838,755,926,57.33333333333334,0.20503980131065708
V10,5302,1/600,0,measured,103,712,845,802,116.66666666666666,0.21245511375660486
V10,5302,1/600,1,measured,102,838,755,926,57.33333333333334,0.2048964562126272
V10,5312,1/600,0,measured,103,712,845,802,117.0,0.2129406746143095
V10,5312,1/600,1,measured,102,838,755,926,57.33333333333334,0.20502680969336506
V10,5322,1/600,0,measured,103,712,845,802,118.0,0.21233988482362556
V10,5322,1/600,1,measured,102,838,755,926,57.33333333333334,0.20493881779814063
V10,5332,1/600,0,measured,103,712,845,802,118.66666666666666,0.21273812818684945
V10,5332,1/600,1,measured,102,838,755,926,57.33333333333334,0.20493363139452964
V10,5341,1/600,0,measured,103,712,845,802,119.0,0.21251274596511824
V10,5341,1/600,1,measured,102,838,755,926,57.33333333333334,0.20493478626278078
V10,5351,1/600,0,measured,103,712,845,802,119.33333333333334,0.2127534107628334
V10,5351,1/600,1,measured,102,838,755,926,57.33333333333334,0.20455579129400414
V10,5361,1/600,0,measured,103,712,845,802,120.66666666666666,0.2124021212836424
V10,5361,1/600,1,measured,102,838,755,926,57.33333333333334,0.20372054867385922
V10,5371,1/600,0,measured,103,712,845,802,121.33333333333334,0.2123629462746322
V10,5371,1/600,1,measured,102,838,755,926,57.33333333333334,0.20377947702396615
V10,5381,1/600,0,measured,103,712,845,802,121.66666666666666,0.21235518503622797
V10,5381,1/600,1,measured,102,838,755,926,57.33333333333334,0.2036877909617128
V10,5391,1/600,0,measured,103,712,845,802,121.66666666666666,0.21173509439418206
V10,5391,1/600,1,measured,102,838,755,926,57.33333333333334,0.20324712155436064
V10,5401,1/600,0,measured,103,712,845,802,121.66666666666666,0.21107718470260453
V10,5401,1/600,1,measured,102,838,755,926,57.33333333333334,0.20340158387400978
V10,5411,1/600,0,measured,103,712,845,802,121.66666666666666,0.21081243683710799
V10,5411,1/600,1,measured,102,838,755,926,57.33333333333334,0.20333048308306723
V10,5421,1/600,0,measured,103,711,845,802,121.33333333333334,0.2104972595765445
V10,5421,1/600,1,measured,102,838,755,926,57.33333333333334,0.2033879881782114
V10,5431,1/600,0,measured,103,711,845,802,121.66666666666666,0.21023408411087194
V10,5431,1/600,1,measured,102,838,755,926,57.33333333333334,0.20325045084430846
V10,5441,1/600,0,measured,103,711,845,802,122.33333333333334,0.20945222038817676
V10,5441,1/600,1,measured,102,838,755,926,57.33333333333334,0.20342235067617892
V10,5451,1/600,0,measured,103,711,845,802,123.0,0.20914130168365527
V10,5451,1/600,1,measured,102,838,755,926,57.33333333333334,0.20339039146585267
V10,5461,1/600,0,measured,103,711,845,802,123.33333333333334,0.20869617283810257
V10,5461,1/600,1,measured,102,838,755,926,57.33333333333334,0.20336934048772323
V10,5471,1/600,0,measured,103,711,845,802,124.0,0.20872282594361766
V10,5471,1/600,1,measured,102,838,755,926,57.33333333333334,0.2033438082343713
V10,5481,1/600,0,measured,103,711,845,802,125.0,0.20820387806791957
V10,5481,1/600,1,measured,102,838,755,926,57.33333333333334,0.2033818396515813
V10,5491,1/600,0,measured,103,711,845,802,125.66666666666666,0.20792034631622958
V10,5491,1/600,1,measured,102,838,755,926,57.33333333333334,0.2033669167443834
V10,5501,1/600,0,measured,103,711,845,802,126.33333333333334,0.20733446077486462
V10,5501,1/600,1,measured,102,838,755,926,57.33333333333334,0.20337666433021687
V10,5511,1/600,0,measured,103,711,845,802,127.0,0.20698301562744953
V10,5511,1/600,1,measured,102,838,755,926,57.33333333333334,0.20336709881108514
V10,5521,1/600,0,measured,103,711,845,802,127.0,0.20674592575149983
V10,5521,1/600,1,measured,102,838,755,926,57.33333333333334,0.20328610801581876
V10,5531,1/600,0,measured,103,711,845,802,127.0,0.20711592685040997
V10,5531,1/600,1,measured,102,838,755,926,57.33333333333334,0.2032819202860553
V10,5541,1/600,0,measured,103,711,845,802,127.0,0.2069160618187907
V10,5541,1/600,1,measured,102,838,755,926,57.33333333333334,0.2032861836335046
V10,5551,1/600,0,measured,103,711,845,802,127.0,0.20730599481494352
V10,5551,1/600,1,measured,102,838,755,926,57.33333333333334,0.20321258890866803
V10,5561,1/600,0,measured,103,711,845,802,127.0,0.206842799460696
V10,5561,1/600,1,measured,102,838,755,926,57.33333333333334,0.2032625051617472
V10,5571,1/600,0,measured,103,711,845,802,127.0,0.20702778646483033
V10,5571,1/600,1,measured,102,838,755,926,57.33333333333334,0.20326364714331774
V10,5581,1/600,0,measured,103,711,845,802,127.0,0.2069756511808372
V10,5581,1/600,1,measured,102,838,755,926,57.33333333333334,0.20327967911717892
V10,5591,1/600,0,measured,103,711,845,802,127.0,0.20732059704203065
V10,5591,1/600,1,measured,102,838,755,926,57.33333333333334,0.20326037864938581
V10,5601,1/600,0,measured,103,711,845,802,127.0,0.20689517571862567
V10,5601,1/600,1,measured,102,838,755,926,57.33333333333334,0.20318047833570255
V10,5611,1/600,0,measured,103,711,845,802,127.66666666666666,0.20650852734809994
V10,5611,1/600,1,measured,102,838,755,926,57.33333333333334,0.20310612559372218
V10,5621,1/600,0,measured,103,711,845,802,128.0,0.2054679009725404
V10,5621,1/600,1,measured,102,838,755,926,57.33333333333334,0.20311678439666872
V10,5631,1/600,0,measured,103,711,845,802,128.33333333333334,0.20547220672022243
V10,5631,1/600,1,measured,102,838,755,926,57.33333333333334,0.20311000275840033
V10,5641,1/600,0,measured,103,711,845,802,129.0,0.20487458813647122
V10,5641,1/600,1,measured,102,838,755,926,57.33333333333334,0.2031594862901932
V10,5651,1/600,0,measured,103,710,845,802,129.0,0.20533724005700577
V10,5651,1/600,1,measured,102,838,755,926,57.33333333333334,0.20315905244027047
V10,5661,1/600,0,measured,103,710,845,802,129.33333333333334,0.20488560154815122
V10,5661,1/600,1,measured,102,838,755,926,57.33333333333334,0.2029995217014325
V10,5671,1/600,0,measured,103,710,845,802,130.0,0.2048368515527477
V10,5671,1/600,1,measured,102,838,755,926,57.33333333333334,0.20296726832547918
V10,5681,1/600,0,measured,103,710,845,802,130.33333333333334,0.20478670595577947
V10,5681,1/600,1,measured,102,838,755,926,57.33333333333334,0.2030540004479708
V10,5691,1/600,0,measured,103,710,845,802,131.66666666666666,0.20460091994000798
V10,5691,1/600,1,measured,102,838,755,926,57.33333333333334,0.2030126529051272
V10,5701,1/600,0,measured,103,710,845,802,132.66666666666666,0.20401189789547974
V10,5701,1/600,1,measured,102,838,755,926,57.33333333333334,0.20275722145397043
V10,5711,1/600,0,measured,103,710,845,802,133.33333333333334,0.20338107612562425
V10,5711,1/600,1,measured,102,838,755,926,57.33333333333334,0.2027267384696775
V10,5721,1/600,0,measured,103,710,845,802,134.0,0.20239430472775136
V10,5721,1/600,1,measured,102,838,755,926,57.33333333333334,0.20277882614947457
V10,5731,1/600,0,measured,103,710,845,802,134.33333333333334,0.20175516983541436
V10,5731,1/600,1,measured,102,838,755,926,57.33333333333334,0.2027601491574649
V10,5741,1/600,0,measured,103,710,845,802,134.66666666666666,0.20116382696047252
V10,5741,1/600,1,measured,102,838,755,926,57.33333333333334,0.20284829493455542
V10,5751,1/600,0,measured,103,710,845,802,135.33333333333334,0.200897034459703
V10,5751,1/600,1,measured,102,838,755,926,57.33333333333334,0.20284528993339715
V10,5761,1/600,0,measured,103,710,845,801,136.33333333333334,0.20017279681471742
V10,5761,1/600,1,measured,102,838,755,926,57.33333333333334,0.2027921061330905
V10,5771,1/600,0,measured,103,710,845,801,136.33333333333334,0.2002098235007235
V10,5771,1/600,1,measured,102,838,755,926,57.33333333333334,0.20270120675563627
V10,5781,1/600,0,measured,103,710,845,801,136.33333333333334,0.19999909507644018
V10,5781,1/600,1,measured,102,838,755,926,57.33333333333334,0.20265130549292096
V10,5791,1/600,0,measured,103,710,845,801,136.33333333333334,0.20017093411577086
V10,5791,1/600,1,measured,102,838,755,926,57.66666666666666,0.20272798641109788
V10,5801,1/600,0,measured,103,710,845,801,136.33333333333334,0.19992025343123504
V10,5801,1/600,1,measured,102,838,755,926,58.33333333333334,0.20388071861617557
V10,5811,1/600,0,measured,103,710,845,801,136.33333333333334,0.20024703375287706
V10,5811,1/600,1,measured,102,838,755,926,59.33333333333334,0.20546166617640488
V10,5821,1/600,0,measured,103,710,845,801,136.33333333333334,0.20002724802332264
V10,5821,1/600,1,measured,102,838,755,926,59.66666666666666,0.20680095114282365
V10,5831,1/600,0,measured,103,710,845,800,136.66666666666666,0.200172351151572
V10,5831,1/600,1,measured,102,838,755,926,60.66666666666666,0.20629342970504244
V10,5841,1/600,0,measured,103,710,845,800,136.66666666666666,0.19986117431745548
V10,5841,1/600,1,measured,102,838,755,926,62.0,0.20554247935039163
V10,5851,1/600,0,measured,103,710,845,800,136.66666666666666,0.1999932311434058
V10,5851,1/600,1,measured,102,838,755,926,63.66666666666666,0.20480183349943032
V10,5861,1/600,0,measured,103,710,845,800,137.0,0.19985232825120933
V10,5861,1/600,1,measured,102,838,755,926,64.66666666666666,0.20356059731049558
V10,5871,1/600,0,measured,103,710,845,800,137.0,0.20010064709264036
V10,5871,1/600,1,measured,102,838,755,926,67.0,0.20177625269218907
V10,5881,1/600,0,measured,103,710,845,800,137.0,0.1999524856278708
V10,5881,1/600,1,measured,102,838,755,926,67.0,0.20133236281486547
V10,5891,1/600,0,measured,103,710,845,800,136.66666666666666,0.20021725006877866
V10,5891,1/600,1,measured,102,837,755,926,66.66666666666666,0.2021030040571994
V10,5901,1/600,0,measured,103,710,845,800,136.66666666666666,0.1999547944081974
V10,5901,1/600,1,measured,102,837,755,926,67.0,0.20133485500665915
V10,5911,1/600,0,measured,103,710,845,799,137.0,0.20006334160702385
V10,5911,1/600,1,measured,102,837,755,926,68.0,0.2004797643003104
V10,5921,1/600,0,measured,103,710,845,799,137.0,0.1998458638098508
V10,5921,1/600,1,measured,102,837,755,926,69.66666666666666,0.1990384091613172
V10,5931,1/600,0,measured,103,710,845,799,137.0,0.1999677844040347
V10,5931,1/600,1,measured,102,837,755,926,71.33333333333334,0.19827426919559896
V10,5941,1/600,0,measured,103,710,845,799,137.0,0.19980030466901788
V10,5941,1/600,1,measured,102,837,755,926,73.66666666666666,0.19659931593939314
V10,5951,1/600,0,measured,103,710,845,799,137.0,0.2000560290628171
V10,5951,1/600,1,measured,102,837,755,926,76.33333333333334,0.19545095048215655
V10,5961,1/600,0,measured,103,710,845,799,137.0,0.19900255716519238
V10,5961,1/600,1,measured,102,837,755,926,80.0,0.1941105978724666
V10,5970,1/600,0,measured,103,710,845,799,137.0,0.19897902479015175
V10,5970,1/600,1,measured,102,837,755,926,81.66666666666666,0.19441391464844304
V10,5980,1/600,0,measured,103,710,845,799,137.0,0.19889800063468638
V10,5980,1/600,1,measured,102,837,755,927,83.0,0.1949465512056295
V10,5990,1/600,0,measured,103,710,845,799,137.0,0.1985739637633614
V10,5990,1/600,1,measured,102,837,755,927,88.66666666666666,0.19614886888834834
V10,6000,1/600,0,measured,103,710,845,799,137.0,0.19846418691169856
V10,6000,1/600,1,measured,102,837,755,927,90.33333333333334,0.19670856336307435
V10,6010,1/600,0,measured,103,710,845,799,137.0,0.19861183382291228
V10,6010,1/600,1,measured,102,837,755,927,92.0,0.19753451680726827
V10,6020,1/600,0,measured,103,710,845,799,137.0,0.19847529561688473
V10,6020,1/600,1,measured,102,837,755,927,92.66666666666666,0.1974738707816367
V10,6030,1/600,0,measured,103,710,845,798,137.0,0.19856019055913982
V10,6030,1/600,1,measured,102,837,755,927,93.33333333333334,0.19841240864425239
V10,6040,1/600,0,measured,103,710,845,798,137.0,0.1984180167531597
V10,6040,1/600,1,measured,102,837,755,926,94.33333333333334,0.19825987266618444
V10,6050,1/600,0,measured,103,710,845,798,137.0,0.19855449683985757
V10,6050,1/600,1,measured,102,837,755,926,95.0,0.198800619502572
V10,6060,1/600,0,measured,103,710,845,798,137.0,0.1983944804669016
V10,6060,1/600,1,measured,102,836,755,926,94.66666666666666,0.19867788681269943
V10,6070,1/600,0,measured,103,710,845,798,137.33333333333334,0.19861317637299966
V10,6070,1/600,1,measured,102,836,755,926,95.33333333333334,0.19898328444481028
V10,6080,1/600,0,measured,103,710,845,798,137.33333333333334,0.19854491927972281
V10,6080,1/600,1,measured,102,836,755,926,96.0,0.19837031943565164
V10,6090,1/600,0,measured,103,710,845,798,137.33333333333334,0.1986864194014007
V10,6090,1/600,1,measured,102,836,755,926,96.66666666666666,0.19857532329617802
V10,6100,1/600,0,measured,103,710,845,798,137.33333333333334,0.1985134089475879
V10,6100,1/600,1,measured,102,836,755,926,97.0,0.1973543852304118
V10,6110,1/600,0,measured,103,710,845,798,137.33333333333334,0.1986902472895163
V10,6110,1/600,1,measured,102,836,755,926,97.66666666666666,0.1978645221820554
V10,6120,1/600,0,measured,103,710,845,798,137.33333333333334,0.19851247196649738
V10,6120,1/600,1,measured,102,836,755,926,98.33333333333334,0.19698098217389146
V10,6130,1/600,0,measured,103,710,845,798,137.33333333333334,0.19864050608257441
V10,6130,1/600,1,measured,102,835,755,926,99.0,0.19800051387842135
V10,6140,1/600,0,measured,103,710,845,798,137.33333333333334,0.19848763075348544
V10,6140,1/600,1,measured,102,835,755,926,99.33333333333334,0.1971673903350399
V10,6150,1/600,0,measured,103,710,845,798,137.33333333333334,0.1987173236126482
V10,6150,1/600,1,measured,102,835,755,926,100.0,0.19742879694175244
V10,6160,1/600,0,measured,103,710,845,798,137.33333333333334,0.19856535159163516
V10,6160,1/600,1,measured,102,835,755,926,100.33333333333334,0.19672362300312624
V10,6170,1/600,0,measured,103,710,845,798,137.33333333333334,0.19871275718806003
V10,6170,1/600,1,measured,102,835,755,926,101.0,0.19712457577961526
V10,6180,1/600,0,measured,103,710,845,798,137.33333333333334,0.19861409028413762
V10,6180,1/600,1,measured,102,835,755,926,101.33333333333334,0.19659030678907766
V10,6190,1/600,0,measured,103,710,845,798,137.33333333333334,0.1986677373745764
V10,6190,1/600,1,measured,102,835,755,926,101.66666666666666,0.1970612428180778
V10,6200,1/600,0,measured,103,710,845,798,137.33333333333334,0.19856259862856804
V10,6200,1/600,1,measured,102,834,755,926,102.0,0.19661127148112026
V10,6210,1/600,0,measured,103,710,845,798,137.33333333333334,0.19866057727174952
V10,6210,1/600,1,measured,102,834,755,926,102.66666666666666,0.19641186068997585
V10,6220,1/600,0,measured,103,710,845,798,137.33333333333334,0.1985840915180362
V10,6220,1/600,1,measured,102,834,755,926,103.66666666666666,0.19531453009861535
V10,6230,1/600,0,measured,103,710,845,798,137.33333333333334,0.1987425495642575
V10,6230,1/600,1,measured,102,834,755,926,104.66666666666666,0.19535635554048214
V10,6240,1/600,0,measured,103,710,845,798,137.33333333333334,0.19853306892665445
V10,6240,1/600,1,measured,102,834,755,926,105.33333333333334,0.19451781680559518
V10,6250,1/600,0,measured,103,710,845,798,137.33333333333334,0.19863799927358927
V10,6250,1/600,1,measured,102,834,755,926,106.33333333333334,0.19468220983492907
V10,6260,1/600,0,measured,103,710,845,798,137.33333333333334,0.1984859549602217
V10,6260,1/600,1,measured,102,834,755,926,106.66666666666666,0.1937967304921087
V10,6270,1/600,0,measured,103,710,845,798,137.33333333333334,0.19860697528336507
V10,6270,1/600,1,measured,102,834,755,926,107.0,0.19435672480224314
V10,6280,1/600,0,measured,103,710,845,798,137.33333333333334,0.19842367470506897
V10,6280,1/600,1,measured,102,833,755,926,107.33333333333334,0.1940982344146879
V10,6290,1/600,0,measured,103,710,845,798,137.33333333333334,0.1985541040507284
V10,6290,1/600,1,measured,102,833,755,926,108.0,0.1944278937994215
V10,6300,1/600,0,measured,103,710,845,798,137.33333333333334,0.1984162409800868
V10,6300,1/600,1,measured,102,833,755,926,108.33333333333334,0.19406475536108145
V10,6310,1/600,0,measured,103,710,845,798,137.33333333333334,0.19857453316141513
V10,6310,1/600,1,measured,102,833,755,926,109.0,0.19472104931478862
V10,6320,1/600,0,measured,103,710,845,798,137.33333333333334,0.19837369828321355
V10,6320,1/600,1,measured,102,833,755,926,109.73333333333478,0.19411961603850694
V10,6330,1/600,0,measured,103,710,845,798,137.33333333333334,0.19848918529353043
V10,6330,1/600,1,measured,102,833,755,926,110.33333333333334,0.19461812100958328
V10,6340,1/600,0,measured,103,710,845,798,137.33333333333334,0.19837963750565785
V10,6340,1/600,1,measured,102,833,755,926,110.66666666666666,0.19394987535275413
V10,6350,1/600,0,measured,103,710,845,798,137.33333333333334,0.1985313593864454
V10,6350,1/600,1,measured,102,833,755,926,111.0,0.19499956539385244
V10,6360,1/600,0,measured,103,710,845,798,137.33333333333334,0.1983704648559317
V10,6360,1/600,1,measured,102,833,755,926,111.33333333333334,0.19434977477577292
V10,6370,1/600,0,measured,103,710,845,798,137.33333333333334,0.1984937102395537
V10,6370,1/600,1,measured,102,833,755,926,111.0,0.19462897444530983
V10,6380,1/600,0,measured,103,710,845,798,137.33333333333334,0.19834729914184507
V10,6380,1/600,1,measured,102,833,755,926,111.0,0.19442552651368847
V10,6390,1/600,0,measured,103,710,845,798,137.33333333333334,0.19851019024715894
V10,6390,1/600,1,measured,102,833,755,926,111.33333333333334,0.19493736493415584
V10,6400,1/600,0,measured,103,710,845,798,137.33333333333334,0.198378187392276
V10,6400,1/600,1,measured,102,833,755,926,111.0,0.19428564312699767
V10,6410,1/600,0,measured,103,710,845,798,137.33333333333334,0.19848384237249236
V10,6410,1/600,1,measured,102,833,755,926,111.33333333333334,0.19443292195781905
V10,6420,1/600,0,measured,103,710,845,798,137.33333333333334,0.19836567655302667
V10,6420,1/600,1,measured,102,833,755,926,111.0,0.19420440187073792
V10,6430,1/600,0,measured,103,710,845,798,137.33333333333334,0.1985257864306578
V10,6430,1/600,1,measured,102,833,755,926,111.0,0.19462851997592512
V10,6440,1/600,0,measured,103,710,845,798,137.33333333333334,0.19830497358841317
V10,6440,1/600,1,measured,102,833,755,926,111.0,0.19385489171256082
V10,6450,1/600,0,measured,103,710,845,798,137.33333333333334,0.19844528635623587
V10,6450,1/600,1,measured,102,833,755,926,111.0,0.19407599722815788
V10,6460,1/600,0,measured,103,710,845,798,137.33333333333334,0.19832435201543655
V10,6460,1/600,1,measured,102,833,755,926,111.0,0.19375491736609637
V10,6470,1/600,0,measured,103,710,845,798,137.33333333333334,0.19846142626280222
V10,6470,1/600,1,measured,102,833,755,926,111.33333333333334,0.1943214399598815
V10,6480,1/600,0,measured,103,710,845,798,137.33333333333334,0.19828932605367602
V10,6480,1/600,1,measured,102,832,755,926,111.0,0.1941330597712119
V10,6490,1/600,0,measured,103,710,845,798,137.33333333333334,0.19839500749159691
V10,6490,1/600,1,measured,102,832,755,926,111.0,0.19446742191732433
V10,6500,1/600,0,measured,103,710,845,798,137.33333333333334,0.1982743516064
V10,6500,1/600,1,measured,102,832,755,926,111.0,0.19417284848505442
V10,6510,1/600,0,measured,103,710,845,798,137.33333333333334,0.19840688338106513
V10,6510,1/600,1,measured,102,832,755,926,111.33333333333334,0.1947200634312645
V10,6520,1/600,0,measured,103,710,845,798,137.33333333333334,0.19828887336122128
V10,6520,1/600,1,measured,102,832,755,926,111.66666666666666,0.19411287709501895
V10,6530,1/600,0,measured,103,710,845,798,137.33333333333334,0.19843303756855174
V10,6530,1/600,1,measured,102,832,755,926,112.0,0.19428460472623202
V10,6540,1/600,0,measured,103,710,845,798,137.33333333333334,0.19830539153198196
V10,6540,1/600,1,measured,102,832,755,925,112.33333333333334,0.1939765891239212
V10,6550,1/600,0,measured,103,710,845,798,137.33333333333334,0.1984043533096206
V10,6550,1/600,1,measured,102,832,755,925,112.33333333333334,0.19402516086359128
V10,6560,1/600,0,measured,103,710,845,798,137.33333333333334,0.1977462056814318
V10,6560,1/600,1,measured,102,832,755,925,112.66666666666666,0.19298608185033395
V10,6570,1/600,0,measured,103,710,845,798,137.33333333333334,0.19777641484598496
V10,6570,1/600,1,measured,102,832,755,925,113.0,0.19269437765544853
V10,6580,1/600,0,measured,103,710,845,798,137.33333333333334,0.19776802228113757
V10,6580,1/600,1,measured,102,832,755,925,113.0,0.19203996605486573
V10,6589,1/600,0,measured,103,710,845,798,137.33333333333334,0.19785480529076918
V10,6589,1/600,1,measured,102,832,755,925,113.0,0.19170258741516377
V10,6599,1/600,0,measured,103,710,845,798,137.33333333333334,0.19779873521120628
V10,6599,1/600,1,measured,102,832,755,925,113.33333333333334,0.1914217050663392
V10,6609,1/600,0,measured,103,710,845,798,137.33333333333334,0.19789928539840132
V10,6609,1/600,1,measured,102,832,755,925,113.33333333333334,0.19143627406526645
V10,6619,1/600,0,measured,103,710,845,798,137.33333333333334,0.19780959434160234
V10,6619,1/600,1,measured,102,832,755,925,113.66666666666666,0.19098303025096938
V10,6629,1/600,0,measured,103,710,845,798,137.33333333333334,0.19787850358578649
V10,6629,1/600,1,measured,102,832,755,925,114.0,0.19130621994275135
V10,6639,1/600,0,measured,103,710,845,798,137.33333333333334,0.19778027951720809
V10,6639,1/600,1,measured,102,832,755,925,114.33333333333334,0.19102560984280106
V10,6649,1/600,0,measured,103,710,845,798,137.33333333333334,0.19788269409013234
V10,6649,1/600,1,measured,102,832,755,924,115.0,0.19106749756588237
V10,6659,1/600,0,measured,103,710,845,798,137.33333333333334,0.1977965364758626
V10,6659,1/600,1,measured,102,832,755,924,115.0,0.19083997808602773
V10,6669,1/600,0,measured,103,710,845,798,137.33333333333334,0.19788626024068137
V10,6669,1/600,1,measured,102,832,755,924,115.33333333333334,0.19086726795028366
V10,6679,1/600,0,measured,103,710,845,798,137.33333333333334,0.19788735007470176
V10,6679,1/600,1,measured,102,832,755,924,115.33333333333334,0.19063045076846127
V10,6689,1/600,0,measured,103,710,845,798,137.33333333333334,0.1979793403944069
V10,6689,1/600,1,measured,102,832,755,924,116.0,0.1909515231961243
V10,6699,1/600,0,measured,103,710,845,798,137.33333333333334,0.1978816119900684
V10,6699,1/600,1,measured,102,832,755,924,116.66666666666666,0.19042544383241175
V10,6709,1/600,0,measured,103,710,845,798,137.33333333333334,0.19794817230064818
V10,6709,1/600,1,measured,102,832,755,924,118.0,0.19070554683474528
V10,6719,1/600,0,measured,103,710,845,798,137.33333333333334,0.1979486559615406
V10,6719,1/600,1,measured,102,832,755,924,118.66666666666666,0.19020566836447234
V10,6729,1/600,0,measured,103,710,845,798,137.33333333333334,0.19803324182893847
V10,6729,1/600,1,measured,102,832,755,923,119.33333333333334,0.18983012871712904
V10,6739,1/600,0,measured,103,710,845,798,137.33333333333334,0.19796825909007087
V10,6739,1/600,1,measured,102,832,755,923,119.66666666666666,0.18931647055180983
V10,6749,1/600,0,measured,103,710,845,798,137.33333333333334,0.1980364197296195
V10,6749,1/600,1,measured,102,832,755,923,120.0,0.18945210931709516
V10,6759,1/600,0,measured,103,710,845,798,137.33333333333334,0.19805166728848866
V10,6759,1/600,1,measured,102,832,755,923,120.33333333333334,0.18912884479225325
V10,6769,1/600,0,measured,103,710,845,798,137.33333333333334,0.19814175293969216
V10,6769,1/600,1,measured,102,832,755,923,121.33333333333334,0.18906453393225667
V10,6779,1/600,0,measured,103,710,845,798,137.33333333333334,0.19799958551851168
V10,6779,1/600,1,measured,102,832,755,923,122.0,0.18845489524845682
V10,6789,1/600,0,measured,103,710,845,798,137.33333333333334,0.19806552037710637
V10,6789,1/600,1,measured,102,832,755,923,122.33333333333334,0.1887573185156139
V10,6799,1/600,0,measured,103,710,845,798,137.33333333333334,0.1980168807208896
V10,6799,1/600,1,measured,102,832,755,923,123.0,0.18798433553276397
V10,6809,1/600,0,measured,103,710,845,798,137.33333333333334,0.19803506865234102
V10,6809,1/600,1,measured,102,832,755,922,124.0,0.1864455324809645
V10,6819,1/600,0,measured,103,710,845,798,137.33333333333334,0.198000999229696
V10,6819,1/600,1,measured,102,832,755,922,124.66666666666666,0.1853549934868073
V10,6829,1/600,0,measured,103,710,845,798,137.33333333333334,0.19799611519340898
V10,6829,1/600,1,measured,102,832,755,922,126.0,0.1852481347662184
V10,6839,1/600,0,measured,103,710,845,798,137.33333333333334,0.1979922326212377
V10,6839,1/600,1,measured,102,832,755,922,126.33333333333334,0.18445950089368549
V10,6849,1/600,0,measured,103,710,845,798,137.33333333333334,0.19801498653583632
V10,6849,1/600,1,measured,102,832,755,922,127.33333333333334,0.18431971190417418
V10,6859,1/600,0,measured,103,710,845,798,137.33333333333334,0.1979973624741694
V10,6859,1/600,1,measured,102,832,755,922,128.0,0.18361622423805468
V10,6869,1/600,0,measured,103,710,845,798,137.33333333333334,0.19800022739044199
V10,6869,1/600,1,measured,102,832,755,922,128.33333333333334,0.1839099923345924
V10,6879,1/600,0,measured,103,710,845,798,137.33333333333334,0.19794062968330212
V10,6879,1/600,1,measured,102,832,755,922,128.33333333333334,0.18361866302619492
V10,6889,1/600,0,measured,103,710,845,798,137.33333333333334,0.1979904430932986
V10,6889,1/600,1,measured,102,832,755,922,128.33333333333334,0.1836667311753311
V10,6899,1/600,0,measured,103,710,845,798,137.33333333333334,0.19796801641490222
V10,6899,1/600,1,measured,102,832,755,922,128.33333333333334,0.18350794621862665
V10,6909,1/600,0,measured,103,710,845,798,137.33333333333334,0.1979744667093025
V10,6909,1/600,1,measured,102,832,755,922,128.66666666666666,0.18362061731770235
V10,6919,1/600,0,measured,103,710,845,798,137.33333333333334,0.19787921041951684
V10,6919,1/600,1,measured,102,832,755,922,128.66666666666666,0.18357645300314226
V10,6929,1/600,0,measured,103,707,845,795,136.33333333333334,0.19703959361441561
V10,6929,1/600,1,measured,102,829,755,918,128.33333333333334,0.18245986589358307
V10,6939,1/600,0,measured,102,694,844,782,133.0,0.19387235809659042
V10,6939,1/600,1,measured,102,817,754,906,124.66666666666666,0.17982909721987858
V10,6949,1/600,0,measured,103,676,843,762,50.66666666666666,0.20487635394020656
V10,6949,1/600,1,measured,103,798,753,885,46.66666666666666,0.1935192258055164
V10,6959,1/600,0,unavailable,,,,,,
V10,6959,1/600,1,unavailable,,,,,,
V10,6969,1/600,0,unavailable,,,,,,
V10,6969,1/600,1,unavailable,,,,,,
V10,6979,1/600,0,unavailable,,,,,,
V10,6979,1/600,1,unavailable,,,,,,
V10,6989,1/600,0,unavailable,,,,,,
V10,6989,1/600,1,unavailable,,,,,,
V10,6999,1/600,0,unavailable,,,,,,
V10,6999,1/600,1,unavailable,,,,,,
V10,7009,1/600,0,unavailable,,,,,,
V10,7009,1/600,1,unavailable,,,,,,
V10,7019,1/600,0,unavailable,,,,,,
V10,7019,1/600,1,unavailable,,,,,,
V10,7029,1/600,0,unavailable,,,,,,
V10,7029,1/600,1,unavailable,,,,,,
V10,7039,1/600,0,unavailable,,,,,,
V10,7039,1/600,1,unavailable,,,,,,
V10,7049,1/600,0,unavailable,,,,,,
V10,7049,1/600,1,unavailable,,,,,,
V10,7059,1/600,0,unavailable,,,,,,
V10,7059,1/600,1,unavailable,,,,,,
V10,7069,1/600,0,unavailable,,,,,,
V10,7069,1/600,1,unavailable,,,,,,
V10,7079,1/600,0,unavailable,,,,,,
V10,7079,1/600,1,unavailable,,,,,,
V10,7089,1/600,0,unavailable,,,,,,
V10,7089,1/600,1,unavailable,,,,,,
V10,7099,1/600,0,unavailable,,,,,,
V10,7099,1/600,1,unavailable,,,,,,
